customer_id,name,email,phone,region,industry,customer_value_tier,date_joined
CUST-2000,Cris Chark,cchark0@jimdo.com,(588) 555-7682,Southeast,Residential Construction,Gold,2025-01-15
CUST-2001,Nara Blacksell,nblacksell1@adobe.com,(470) 555-1510,Southeast,Landscaping,Silver,2025-12-13
CUST-2002,Niles Kinchlea,nkinchlea2@ask.com,(665) 555-9286,Midwest,Residential Construction,Silver,2025-12-06
CUST-2003,Jillayne Guile,jguile3@surveymonkey.com,(319) 555-8784,Midwest,Property Management,Silver,2023-08-19
CUST-2004,Rosina Kindleysides,rkindleysides4@webeden.co.uk,(345) 555-6001,Southeast,Landscaping,Bronze,2025-04-05
CUST-2005,Ephraim Durno,edurno5@t.co,(529) 555-6091,Midwest,DIY / Individual,Bronze,2024-04-24
CUST-2006,Leesa Sperwell,lsperwell6@freewebs.com,(981) 555-9992,Midwest,DIY / Individual,Silver,2025-10-08
CUST-2007,Salim Lashbrook,slashbrook7@mozilla.org,(961) 555-4989,Southeast,Landscaping,Silver,2024-08-27
CUST-2008,Vinita Machel,vmachel8@blinklist.com,(397) 555-3394,Southeast,Residential Construction,Bronze,2023-09-02
CUST-2009,Franz Bartholomaus,fbartholomaus9@twitter.com,(788) 555-9893,Southeast,Interior Design,Silver,2024-06-06
CUST-2010,Celka Bettley,cbettleya@wordpress.com,(989) 555-9713,Southeast,DIY / Individual,Silver,2024-01-15
CUST-2011,Tonya Lahy,tlahyb@ucoz.com,(523) 555-5472,Southeast,Landscaping,Gold,2024-01-30
CUST-2012,Chrissy Ekins,cekinsc@tripadvisor.com,(891) 555-1743,Northeast,DIY / Individual,Bronze,2024-06-05
CUST-2013,Terencio Lomond,tlomondd@elpais.com,(494) 555-1280,Southeast,Residential Construction,Silver,2025-08-12
CUST-2014,Terrijo Cornillot,tcornillote@cnet.com,(277) 555-2975,Midwest,Landscaping,Silver,2025-02-06
CUST-2015,Regan Emmines,remminesf@ibm.com,(454) 555-8399,Midwest,Landscaping,Bronze,2025-04-09
CUST-2016,Corrinne Bosket,cbosketg@hp.com,(360) 555-4810,Southeast,DIY / Individual,Gold,2025-09-29
CUST-2017,Cale Trevethan,ctrevethanh@icq.com,(241) 555-8827,Northeast,DIY / Individual,Bronze,2024-08-19
CUST-2018,Tedda Pagel,tpageli@bravesites.com,(732) 555-5664,Southeast,DIY / Individual,Gold,2025-09-29
CUST-2019,Reine De Cleyne,rdej@china.com.cn,(908) 555-3366,Midwest,Landscaping,Silver,2025-07-27
CUST-2020,Cecilia Beeden,cbeedenk@usda.gov,(577) 555-2369,Southeast,Property Management,Bronze,2025-02-17
CUST-2021,Farley Goodbairn,fgoodbairnl@ted.com,(225) 555-3143,Southeast,DIY / Individual,Silver,2025-08-24
CUST-2022,Carry Airy,cairym@nps.gov,(295) 555-8743,Northeast,Landscaping,Bronze,2023-05-28
CUST-2023,Belita Cortes,bcortesn@comsenz.com,(605) 555-3927,Midwest,Property Management,Silver,2024-08-12
CUST-2024,Octavia Garmons,ogarmonso@macromedia.com,(587) 555-5352,Southeast,DIY / Individual,Bronze,2024-06-04
CUST-2025,Nev Yarnley,nyarnleyp@ibm.com,(544) 555-8328,Midwest,DIY / Individual,Silver,2025-03-01
CUST-2026,Ashley Lethabridge,alethabridgeq@pinterest.com,(719) 555-3401,Midwest,DIY / Individual,Gold,2025-06-02
CUST-2027,Hamil Atto,hattor@squidoo.com,(864) 555-1415,Southeast,DIY / Individual,Bronze,2024-09-11
CUST-2028,Jo Schneidau,jschneidaus@dedecms.com,(883) 555-4349,Midwest,Interior Design,Silver,2024-11-20
CUST-2029,Jerad Graalmans,jgraalmanst@ezinearticles.com,(261) 555-3910,Southeast,DIY / Individual,Bronze,2025-04-11
CUST-2030,Adrian Fellis,afellisu@unc.edu,(284) 555-4220,Northeast,DIY / Individual,Bronze,2025-08-17
CUST-2031,Karel Elcomb,kelcombv@yale.edu,(697) 555-8657,Northeast,DIY / Individual,Bronze,2024-10-14
CUST-2032,Kerry Rosenbloom,krosenbloomw@people.com.cn,(478) 555-8078,Northeast,DIY / Individual,Gold,2025-12-15
CUST-2033,Astrix Shannon,ashannonx@sphinn.com,(370) 555-2258,Southeast,DIY / Individual,Gold,2025-03-17
CUST-2034,Bronny Thripp,bthrippy@netlog.com,(486) 555-2358,Southeast,Property Management,Bronze,2024-06-16
CUST-2035,Sheffy Byrde,sbyrdez@cdbaby.com,(214) 555-9280,Midwest,Landscaping,Bronze,2024-10-26
CUST-2036,Roze Well,rwell10@a8.net,(373) 555-2569,Northeast,DIY / Individual,Silver,2025-08-10
CUST-2037,Alberta Laterza,alaterza11@miibeian.gov.cn,(756) 555-1994,Southeast,Property Management,Bronze,2025-02-20
CUST-2038,Minda Andrieu,mandrieu12@theglobeandmail.com,(489) 555-5185,Southeast,DIY / Individual,Gold,2023-11-10
CUST-2039,Dean Wadesworth,dwadesworth13@home.pl,(280) 555-2406,Northeast,Residential Construction,Silver,2024-08-18
CUST-2040,Daffy Grier,dgrier14@instagram.com,(548) 555-2944,Midwest,Property Management,Bronze,2025-12-27
CUST-2041,Gino Haggidon,ghaggidon15@businesswire.com,(560) 555-4413,Midwest,DIY / Individual,Silver,2025-07-08
CUST-2042,Lauraine Brook,lbrook16@un.org,(414) 555-1782,West,Landscaping,Bronze,2023-01-08
CUST-2043,Jeffrey Fonzone,jfonzone17@senate.gov,(296) 555-4939,West,DIY / Individual,Bronze,2024-11-05
CUST-2044,Chiquia Brinkley,cbrinkley18@so-net.ne.jp,(692) 555-8030,Southeast,DIY / Individual,Bronze,2024-11-11
CUST-2045,Alfonse Beagin,abeagin19@pinterest.com,(589) 555-4945,Southeast,DIY / Individual,Gold,2025-08-03
CUST-2046,Farah Toolan,ftoolan1a@edublogs.org,(292) 555-6568,Midwest,Landscaping,Bronze,2025-03-08
CUST-2047,Mavra McGarva,mmcgarva1b@uiuc.edu,(971) 555-1228,Northeast,DIY / Individual,Silver,2025-01-03
CUST-2048,Cortney Corps,ccorps1c@xinhuanet.com,(684) 555-3198,Midwest,Residential Construction,Bronze,2024-02-22
CUST-2049,Tracee Fone,tfone1d@wired.com,(804) 555-8669,Midwest,DIY / Individual,Bronze,2024-05-05
CUST-2050,Blakeley Masterton,bmasterton1e@yahoo.co.jp,(546) 555-6326,Northeast,Residential Construction,Bronze,2025-04-03
CUST-2051,Carolyn Westfield,cwestfield1f@loc.gov,(465) 555-8245,West,DIY / Individual,Gold,2025-09-23
CUST-2052,Gusella Lethley,glethley1g@t-online.de,(480) 555-5690,Southeast,Interior Design,Silver,2025-10-16
CUST-2053,Dani Mc Elory,dmc1h@mozilla.com,(751) 555-1305,Southeast,DIY / Individual,Bronze,2024-02-26
CUST-2054,Estevan Betun,ebetun1i@skype.com,(883) 555-6884,Northeast,Landscaping,Gold,2025-05-20
CUST-2055,Gerri Cluer,gcluer1j@umn.edu,(271) 555-3623,Northeast,Residential Construction,Bronze,2025-04-01
CUST-2056,Lockwood Szantho,lszantho1k@disqus.com,(539) 555-9793,Southeast,DIY / Individual,Bronze,2024-11-29
CUST-2057,Clemens Assel,cassel1l@digg.com,(864) 555-9815,Midwest,DIY / Individual,Silver,2024-10-21
CUST-2058,Domenico Keyson,dkeyson1m@home.pl,(322) 555-1018,Southeast,DIY / Individual,Bronze,2025-06-25
CUST-2059,Dara Songust,dsongust1n@vinaora.com,(689) 555-5465,Northeast,Interior Design,Bronze,2023-05-11
CUST-2060,Marlo Darmody,mdarmody1o@google.co.uk,(238) 555-6310,Southeast,DIY / Individual,Bronze,2025-11-27
CUST-2061,Candie Fredi,cfredi1p@hp.com,(519) 555-6965,Midwest,DIY / Individual,Bronze,2024-10-17
CUST-2062,Lizbeth Fawlkes,lfawlkes1q@technorati.com,(720) 555-8019,Southeast,Property Management,Bronze,2025-09-10
CUST-2063,Theo Schofield,tschofield1r@wsj.com,(485) 555-2382,Southeast,Property Management,Bronze,2023-07-27
CUST-2064,Sayers Fawks,sfawks1s@elegantthemes.com,(928) 555-9036,Midwest,DIY / Individual,Bronze,2025-07-30
CUST-2065,Rubie Gilbane,rgilbane1t@51.la,(379) 555-1580,Northeast,DIY / Individual,Bronze,2023-11-02
CUST-2066,Zebedee Tommasuzzi,ztommasuzzi1u@examiner.com,(457) 555-8753,Midwest,Interior Design,Bronze,2025-11-20
CUST-2067,Aaron O'Scully,aoscully1v@simplemachines.org,(554) 555-3634,Southeast,DIY / Individual,Silver,2023-06-08
CUST-2068,Barron Ortes,bortes1w@patch.com,(548) 555-3344,West,DIY / Individual,Bronze,2024-03-11
CUST-2069,Kelsy Farbrother,kfarbrother1x@usa.gov,(516) 555-9978,Southeast,Interior Design,Bronze,2025-03-28
CUST-2070,Murdock Giacobillo,mgiacobillo1y@cafepress.com,(262) 555-3080,Midwest,Residential Construction,Bronze,2025-03-04
CUST-2071,Fran Guise,fguise1z@elegantthemes.com,(225) 555-9166,Midwest,DIY / Individual,Bronze,2025-03-03
CUST-2072,Giraud Heddan,gheddan20@ifeng.com,(645) 555-2811,West,Property Management,Bronze,2023-12-05
CUST-2073,Ally Wyon,awyon21@is.gd,(465) 555-6198,Midwest,DIY / Individual,Gold,2024-04-17
CUST-2074,Donelle Alen,dalen22@eventbrite.com,(514) 555-6459,Southeast,Landscaping,Silver,2024-12-05
CUST-2075,Godfry Horsted,ghorsted23@surveymonkey.com,(761) 555-1898,Southeast,Landscaping,Silver,2024-10-19
CUST-2076,Morten Marval,mmarval24@vimeo.com,(280) 555-6487,Northeast,Landscaping,Bronze,2025-01-03
CUST-2077,Berke Bathowe,bbathowe25@xinhuanet.com,(566) 555-6208,Midwest,Residential Construction,Bronze,2024-08-17
CUST-2078,Gayla Pashba,gpashba26@tripod.com,(647) 555-9792,Midwest,DIY / Individual,Silver,2024-08-12
CUST-2079,Glenda Huriche,ghuriche27@cbc.ca,(253) 555-1240,Midwest,Landscaping,Silver,2024-04-26
CUST-2080,Wash Ruddick,wruddick28@alibaba.com,(869) 555-8172,Midwest,DIY / Individual,Gold,2024-10-10
CUST-2081,Kaila Phlippi,kphlippi29@drupal.org,(651) 555-5323,Southeast,Interior Design,Bronze,2023-06-26
CUST-2082,Cherry Izhaky,cizhaky2a@fc2.com,(317) 555-2107,Midwest,Landscaping,Bronze,2024-11-03
CUST-2083,Ileana Clarricoates,iclarricoates2b@princeton.edu,(359) 555-2913,West,Residential Construction,Silver,2024-04-22
CUST-2084,George Capron,gcapron2c@ucoz.ru,(678) 555-6202,Midwest,DIY / Individual,Silver,2024-08-23
CUST-2085,Odetta Gravenor,ogravenor2d@parallels.com,(337) 555-9682,Midwest,Residential Construction,Bronze,2025-02-04
CUST-2086,Marcelline Stockey,mstockey2e@gravatar.com,(476) 555-9267,Midwest,Landscaping,Bronze,2023-06-30
CUST-2087,Randee Coop,rcoop2f@purevolume.com,(561) 555-9687,Southeast,DIY / Individual,Bronze,2024-11-06
CUST-2088,Rea Sutton,rsutton2g@biglobe.ne.jp,(579) 555-8821,Midwest,DIY / Individual,Silver,2024-08-06
CUST-2089,Arin Freke,afreke2h@so-net.ne.jp,(797) 555-1851,Southeast,Property Management,Bronze,2025-03-21
CUST-2090,Carena Joubert,cjoubert2i@nsw.gov.au,(811) 555-9264,Southeast,Interior Design,Silver,2024-11-02
CUST-2091,Selia Shoulders,sshoulders2j@vistaprint.com,(524) 555-7396,Southeast,Interior Design,Silver,2024-10-09
CUST-2092,Darnell Donisi,ddonisi2k@indiatimes.com,(917) 555-4035,West,Property Management,Bronze,2024-10-14
CUST-2093,Yanaton Clem,yclem2l@networksolutions.com,(903) 555-4554,Southeast,Landscaping,Silver,2025-09-28
CUST-2094,Perl Shrieve,pshrieve2m@meetup.com,(485) 555-3494,Midwest,Residential Construction,Bronze,2025-07-17
CUST-2095,Belita Bittany,bbittany2n@51.la,(400) 555-5978,Midwest,DIY / Individual,Bronze,2024-11-11
CUST-2096,Penelope Bale,pbale2o@uiuc.edu,(906) 555-5962,Midwest,Interior Design,Bronze,2024-08-02
CUST-2097,Berri MacChaell,bmacchaell2p@jigsy.com,(907) 555-9322,Southeast,Property Management,Bronze,2024-07-23
CUST-2098,Lanie Odo,lodo2q@google.es,(968) 555-6757,Northeast,Landscaping,Bronze,2025-10-27
CUST-2099,Nichols Thieme,nthieme2r@spiegel.de,(908) 555-3693,Midwest,DIY / Individual,Bronze,2024-09-07
CUST-2100,Marne Bentjens,mbentjens2s@g.co,(208) 555-9304,Southeast,DIY / Individual,Silver,2025-11-23
CUST-2101,Mackenzie Lunnon,mlunnon2t@apple.com,(762) 555-7427,Midwest,DIY / Individual,Bronze,2023-07-12
CUST-2102,Temp Nijssen,tnijssen2u@cbslocal.com,(672) 555-6985,West,DIY / Individual,Bronze,2025-11-27
CUST-2103,Christy McGarrahan,cmcgarrahan2v@merriam-webster.com,(883) 555-5624,Southeast,DIY / Individual,Bronze,2025-06-06
CUST-2104,Thomas Rothchild,trothchild2w@vistaprint.com,(505) 555-5575,Southeast,Property Management,Bronze,2023-06-28
CUST-2105,Vitia Christopher,vchristopher2x@hatena.ne.jp,(991) 555-8998,Southeast,Interior Design,Bronze,2023-12-08
CUST-2106,Virgina Atthow,vatthow2y@prnewswire.com,(349) 555-2853,Northeast,Residential Construction,Silver,2024-09-18
CUST-2107,Peyter Fiorentino,pfiorentino2z@cbslocal.com,(220) 555-7852,Northeast,Landscaping,Bronze,2024-06-16
CUST-2108,Cleveland Mulholland,cmulholland30@arstechnica.com,(655) 555-3498,Southeast,Landscaping,Silver,2025-05-10
CUST-2109,Cherry Sommerscales,csommerscales31@storify.com,(543) 555-5347,West,DIY / Individual,Gold,2024-08-14
CUST-2110,Emili Tuttle,etuttle32@reuters.com,(767) 555-8695,West,Landscaping,Bronze,2024-03-10
CUST-2111,Terrell Dodding,tdodding33@lycos.com,(687) 555-5523,West,Landscaping,Silver,2023-08-21
CUST-2112,Gussie Baptie,gbaptie34@adobe.com,(684) 555-9613,Southeast,Residential Construction,Bronze,2025-11-15
CUST-2113,Darby Silverthorne,dsilverthorne35@google.ru,(297) 555-2210,Midwest,Residential Construction,Gold,2025-09-07
CUST-2114,Happy Demicoli,hdemicoli36@auda.org.au,(899) 555-1143,Midwest,Interior Design,Gold,2025-12-07
CUST-2115,Audi Domsalla,adomsalla37@skype.com,(430) 555-2203,Midwest,DIY / Individual,Bronze,2025-01-07
CUST-2116,Abramo Buttress,abuttress38@canalblog.com,(221) 555-1639,Southeast,Property Management,Silver,2023-02-27
CUST-2117,Kare Samudio,ksamudio39@51.la,(796) 555-5764,Midwest,DIY / Individual,Silver,2023-10-14
CUST-2118,Elladine Izkoveski,eizkoveski3a@g.co,(804) 555-3077,Southeast,DIY / Individual,Bronze,2025-11-15
CUST-2119,Rudiger Curdell,rcurdell3b@redcross.org,(604) 555-9385,Midwest,DIY / Individual,Bronze,2025-05-22
CUST-2120,Deeyn De Benedetti,dde3c@reuters.com,(221) 555-5970,Midwest,DIY / Individual,Silver,2025-08-26
CUST-2121,Winne Mattiacci,wmattiacci3d@hp.com,(858) 555-9652,Northeast,DIY / Individual,Bronze,2025-02-25
CUST-2122,Taber Hadaway,thadaway3e@sina.com.cn,(976) 555-8532,Southeast,Residential Construction,Bronze,2024-08-16
CUST-2123,Valida Piser,vpiser3f@salon.com,(652) 555-9940,Midwest,DIY / Individual,Bronze,2025-03-21
CUST-2124,Angie Ferrari,aferrari3g@nih.gov,(513) 555-5346,Northeast,DIY / Individual,Bronze,2024-10-02
CUST-2125,Eryn Wurz,ewurz3h@europa.eu,(731) 555-3201,Midwest,Property Management,Bronze,2023-11-06
CUST-2126,Ferris Ioannou,fioannou3i@nhs.uk,(577) 555-9299,Southeast,DIY / Individual,Bronze,2025-10-09
CUST-2127,Iona Clyburn,iclyburn3j@bluehost.com,(423) 555-4455,Midwest,DIY / Individual,Silver,2025-06-28
CUST-2128,Samantha Meanwell,smeanwell3k@1und1.de,(555) 555-4042,Northeast,DIY / Individual,Silver,2025-01-21
CUST-2129,Quentin Seabridge,qseabridge3l@cyberchimps.com,(512) 555-7897,Southeast,DIY / Individual,Silver,2023-07-27
CUST-2130,Edwina Debold,edebold3m@youku.com,(500) 555-2860,Southeast,DIY / Individual,Bronze,2024-12-06
CUST-2131,Cybil Lemin,clemin3n@nytimes.com,(402) 555-1816,Midwest,Interior Design,Bronze,2025-02-18
CUST-2132,Flor Orr,forr3o@npr.org,(490) 555-7516,Southeast,Residential Construction,Bronze,2025-09-19
CUST-2133,Michelle Asel,masel3p@chronoengine.com,(714) 555-8245,Southeast,Property Management,Bronze,2023-11-27
CUST-2134,Donny Tippetts,dtippetts3q@studiopress.com,(476) 555-7377,Midwest,Residential Construction,Silver,2025-09-14
CUST-2135,Fenelia Prangle,fprangle3r@nbcnews.com,(935) 555-3304,Midwest,Landscaping,Gold,2024-12-03
CUST-2136,Catarina Gow,cgow3s@usnews.com,(425) 555-3804,Southeast,DIY / Individual,Bronze,2025-01-19
CUST-2137,Quintina Ivanyukov,qivanyukov3t@buzzfeed.com,(276) 555-1383,Southeast,Residential Construction,Bronze,2025-04-13
CUST-2138,Almeria Becker,abecker3u@unblog.fr,(843) 555-6602,Northeast,Interior Design,Gold,2024-04-06
CUST-2139,Olin Hercock,ohercock3v@photobucket.com,(769) 555-3865,Midwest,Interior Design,Bronze,2025-06-06
CUST-2140,Laird Ferrao,lferrao3w@fc2.com,(298) 555-4572,Southeast,DIY / Individual,Gold,2024-01-10
CUST-2141,Vanda Dooland,vdooland3x@lycos.com,(852) 555-3732,Southeast,DIY / Individual,Bronze,2025-12-12
CUST-2142,Eustacia Kleinmann,ekleinmann3y@tinypic.com,(406) 555-7834,Midwest,DIY / Individual,Silver,2024-03-04
CUST-2143,Keene Santarelli,ksantarelli3z@dropbox.com,(448) 555-4534,Midwest,DIY / Individual,Silver,2025-04-27
CUST-2144,Jocelyn Woodlands,jwoodlands40@wikimedia.org,(607) 555-5288,Northeast,Landscaping,Bronze,2023-06-04
CUST-2145,Glennie Milne,gmilne41@webeden.co.uk,(866) 555-7267,Southeast,DIY / Individual,Bronze,2024-05-18
CUST-2146,Latashia Grinham,lgrinham42@army.mil,(961) 555-7570,Midwest,DIY / Individual,Bronze,2024-09-01
CUST-2147,Ricky Hedden,rhedden43@bluehost.com,(408) 555-5096,Northeast,Landscaping,Bronze,2023-12-07
CUST-2148,Mitchel Dublin,mdublin44@hhs.gov,(911) 555-2373,Southeast,DIY / Individual,Bronze,2025-03-26
CUST-2149,Sharona Hawes,shawes45@about.com,(243) 555-2227,Southeast,Residential Construction,Bronze,2024-06-14
CUST-2150,Elset Rosenzwig,erosenzwig46@1688.com,(391) 555-5185,Southeast,Residential Construction,Silver,2025-07-09
CUST-2151,Malissia Anglim,manglim47@chronoengine.com,(469) 555-4346,Northeast,DIY / Individual,Silver,2025-04-14
CUST-2152,Ado Penelli,apenelli48@mashable.com,(561) 555-4571,Southeast,Property Management,Silver,2025-10-14
CUST-2153,Bondy Chiles,bchiles49@ning.com,(228) 555-8425,Southeast,DIY / Individual,Silver,2024-01-19
CUST-2154,Hube Benoit,hbenoit4a@pagesperso-orange.fr,(965) 555-9955,Midwest,Landscaping,Bronze,2024-06-04
CUST-2155,Noah Prando,nprando4b@simplemachines.org,(322) 555-1300,West,Residential Construction,Bronze,2025-06-09
CUST-2156,Evania Petroselli,epetroselli4c@woothemes.com,(947) 555-9970,Northeast,DIY / Individual,Silver,2023-09-08
CUST-2157,Erny Rosenblatt,erosenblatt4d@arizona.edu,(763) 555-8558,Northeast,DIY / Individual,Bronze,2025-11-10
CUST-2158,Carlynn Maskrey,cmaskrey4e@state.gov,(282) 555-8483,Southeast,DIY / Individual,Bronze,2024-05-26
CUST-2159,Halsy Littlechild,hlittlechild4f@google.co.jp,(663) 555-4517,Midwest,Property Management,Silver,2024-04-04
CUST-2160,Harris Cudihy,hcudihy4g@webmd.com,(571) 555-6730,Midwest,DIY / Individual,Bronze,2024-02-29
CUST-2161,Carie Playhill,cplayhill4h@vistaprint.com,(354) 555-8708,Northeast,Residential Construction,Bronze,2023-05-15
CUST-2162,Gottfried Eberle,geberle4i@yelp.com,(890) 555-7834,Midwest,Property Management,Bronze,2025-08-03
CUST-2163,Anthia Gainfort,againfort4j@state.gov,(829) 555-4835,Midwest,DIY / Individual,Bronze,2025-05-31
CUST-2164,Kellia Padberry,kpadberry4k@microsoft.com,(679) 555-1386,Southeast,DIY / Individual,Silver,2025-06-26
CUST-2165,Gallagher Wickmann,gwickmann4l@elpais.com,(634) 555-5898,Midwest,DIY / Individual,Gold,2024-08-19
CUST-2166,Romeo Morch,rmorch4m@amazon.de,(888) 555-8823,Midwest,Property Management,Bronze,2025-05-25
CUST-2167,Rosalinde Mara,rmara4n@gmpg.org,(381) 555-4154,Midwest,Property Management,Bronze,2024-06-12
CUST-2168,Welby Fowley,wfowley4o@i2i.jp,(473) 555-2899,Midwest,Landscaping,Bronze,2023-02-05
CUST-2169,Tillie Eirwin,teirwin4p@goodreads.com,(972) 555-7535,Midwest,Residential Construction,Bronze,2025-08-31
CUST-2170,Adiana Dight,adight4q@photobucket.com,(776) 555-4356,Northeast,Property Management,Bronze,2025-09-26
CUST-2171,Randa Pummell,rpummell4r@marketwatch.com,(228) 555-9021,Midwest,DIY / Individual,Bronze,2024-06-10
CUST-2172,Mateo Budding,mbudding4s@washingtonpost.com,(433) 555-6035,Midwest,DIY / Individual,Bronze,2025-03-19
CUST-2173,Marjy Croley,mcroley4t@illinois.edu,(830) 555-8152,Northeast,Residential Construction,Bronze,2025-01-02
CUST-2174,Gerri Stegel,gstegel4u@telegraph.co.uk,(324) 555-6861,Midwest,DIY / Individual,Bronze,2023-05-20
CUST-2175,Cynthie Jewster,cjewster4v@cam.ac.uk,(342) 555-6362,Southeast,DIY / Individual,Bronze,2023-11-25
CUST-2176,Boycie Sultan,bsultan4w@nih.gov,(831) 555-7639,Southeast,Landscaping,Bronze,2024-03-23
CUST-2177,Lind Crebo,lcrebo4x@nih.gov,(311) 555-1868,West,DIY / Individual,Silver,2025-10-29
CUST-2178,Freddi Onge,fonge4y@stumbleupon.com,(927) 555-4381,Midwest,DIY / Individual,Bronze,2025-04-29
CUST-2179,Keelia Ambrozewicz,kambrozewicz4z@about.me,(537) 555-1356,Northeast,Interior Design,Gold,2025-07-18
CUST-2180,Odelinda Baxster,obaxster50@zimbio.com,(727) 555-4379,Midwest,Residential Construction,Bronze,2024-05-19
CUST-2181,Colette Smale,csmale51@theglobeandmail.com,(978) 555-7654,West,DIY / Individual,Silver,2025-10-21
CUST-2182,Renault Kaasmann,rkaasmann52@friendfeed.com,(739) 555-4710,Northeast,Property Management,Silver,2025-11-09
CUST-2183,Nonie Bauduin,nbauduin53@furl.net,(357) 555-5410,Southeast,Landscaping,Silver,2023-04-16
CUST-2184,Alaine Toner,atoner54@jimdo.com,(970) 555-2315,Northeast,Residential Construction,Bronze,2024-04-07
CUST-2185,Loutitia Simenel,lsimenel55@cnbc.com,(209) 555-5529,Northeast,Residential Construction,Bronze,2024-09-17
CUST-2186,Madlin Rowan,mrowan56@feedburner.com,(419) 555-6286,Southeast,Interior Design,Bronze,2024-09-01
CUST-2187,Yankee Stiegers,ystiegers57@prlog.org,(864) 555-1271,Midwest,Landscaping,Bronze,2024-10-15
CUST-2188,Farrell Gorst,fgorst58@storify.com,(851) 555-1178,Midwest,Residential Construction,Bronze,2023-09-22
CUST-2189,Wallache Pitbladdo,wpitbladdo59@google.com.au,(314) 555-1619,Southeast,Landscaping,Bronze,2024-03-16
CUST-2190,Garnette Midlar,gmidlar5a@chicagotribune.com,(471) 555-8356,Southeast,Landscaping,Bronze,2024-09-26
CUST-2191,Barnard Ceschi,bceschi5b@marketwatch.com,(926) 555-2346,Midwest,Property Management,Gold,2024-03-15
CUST-2192,Leelah Hallagan,lhallagan5c@sogou.com,(455) 555-2151,Southeast,DIY / Individual,Bronze,2025-07-31
CUST-2193,Effie Heinsh,eheinsh5d@timesonline.co.uk,(270) 555-4833,Midwest,Property Management,Bronze,2025-09-12
CUST-2194,Hughie MacDunleavy,hmacdunleavy5e@freewebs.com,(717) 555-5377,Northeast,Landscaping,Silver,2025-05-27
CUST-2195,Sidoney Demcik,sdemcik5f@twitpic.com,(322) 555-2043,Southeast,Residential Construction,Bronze,2023-08-11
CUST-2196,Austin Alpin,aalpin5g@prweb.com,(797) 555-2416,Southeast,Landscaping,Bronze,2025-01-15
CUST-2197,Torrey Cafferty,tcafferty5h@gizmodo.com,(216) 555-8089,Northeast,Property Management,Silver,2025-03-12
CUST-2198,Bond Major,bmajor5i@digg.com,(755) 555-3936,Southeast,Property Management,Gold,2024-12-20
CUST-2199,Antoinette Antcliffe,aantcliffe5j@ow.ly,(544) 555-3545,Northeast,Property Management,Bronze,2023-08-17
CUST-2200,Loni Fearnsides,lfearnsides5k@mtv.com,(632) 555-5394,Midwest,Property Management,Bronze,2023-07-09
CUST-2201,Tonya Lidington,tlidington5l@tinypic.com,(312) 555-5782,Southeast,DIY / Individual,Bronze,2025-05-27
CUST-2202,Erina Crocroft,ecrocroft5m@qq.com,(632) 555-5008,Northeast,DIY / Individual,Silver,2023-03-06
CUST-2203,Orren Raftery,oraftery5n@washington.edu,(354) 555-2135,Southeast,Landscaping,Bronze,2024-08-28
CUST-2204,Heriberto Botte,hbotte5o@mapy.cz,(243) 555-9113,Northeast,DIY / Individual,Bronze,2024-01-20
CUST-2205,Ailis Boxhill,aboxhill5p@ustream.tv,(656) 555-6468,Midwest,DIY / Individual,Bronze,2025-09-22
CUST-2206,Latrena Langrish,llangrish5q@so-net.ne.jp,(746) 555-6482,Midwest,DIY / Individual,Bronze,2025-04-28
CUST-2207,Del Grouen,dgrouen5r@sfgate.com,(975) 555-3228,Northeast,Residential Construction,Silver,2025-12-21
CUST-2208,Wait Farens,wfarens5s@gnu.org,(887) 555-2022,Midwest,Landscaping,Gold,2025-01-12
CUST-2209,Shaun Paoletti,spaoletti5t@51.la,(887) 555-4999,Southeast,DIY / Individual,Bronze,2024-08-23
CUST-2210,Ninnetta Stoate,nstoate5u@usatoday.com,(312) 555-9580,Midwest,Residential Construction,Bronze,2024-06-14
CUST-2211,West Tripean,wtripean5v@sphinn.com,(990) 555-8527,West,Residential Construction,Gold,2025-08-30
CUST-2212,Roth Cramond,rcramond5w@nytimes.com,(929) 555-2434,Southeast,DIY / Individual,Bronze,2024-11-30
CUST-2213,Wendi Spere,wspere5x@cdbaby.com,(792) 555-6539,Northeast,DIY / Individual,Silver,2024-12-16
CUST-2214,Sloane Besset,sbesset5y@gov.uk,(212) 555-5257,Southeast,Landscaping,Silver,2024-09-24
CUST-2215,Kesley Tiptaft,ktiptaft5z@youtube.com,(648) 555-4634,West,DIY / Individual,Bronze,2025-12-22
CUST-2216,Cy Weedall,cweedall60@harvard.edu,(856) 555-2564,West,Property Management,Bronze,2023-01-19
CUST-2217,Lita Dunkerley,ldunkerley61@nps.gov,(446) 555-5259,Southeast,Landscaping,Bronze,2025-01-31
CUST-2218,Eddi Standish-Brooks,estandishbrooks62@ox.ac.uk,(213) 555-4484,Midwest,Interior Design,Bronze,2024-12-30
CUST-2219,Huey Scanterbury,hscanterbury63@google.fr,(415) 555-4633,Midwest,Residential Construction,Silver,2025-06-24
CUST-2220,Corby Aves,caves64@jigsy.com,(504) 555-2859,Northeast,DIY / Individual,Silver,2025-12-15
CUST-2221,Cleon Kniveton,ckniveton65@technorati.com,(364) 555-9826,West,Landscaping,Bronze,2025-03-27
CUST-2222,Clara Champ,cchamp66@moonfruit.com,(618) 555-3284,Midwest,DIY / Individual,Silver,2024-07-09
CUST-2223,Sayres Pluck,spluck67@walmart.com,(264) 555-2779,Southeast,Landscaping,Silver,2025-03-05
CUST-2224,Amargo Cortin,acortin68@zdnet.com,(286) 555-9180,Northeast,Landscaping,Silver,2023-10-21
CUST-2225,Irina Bauser,ibauser69@npr.org,(669) 555-1125,Southeast,Property Management,Bronze,2025-11-23
CUST-2226,Ashlie Dibley,adibley6a@state.gov,(798) 555-4368,Southeast,DIY / Individual,Bronze,2024-01-04
CUST-2227,Les Spurway,lspurway6b@icq.com,(858) 555-7805,Southeast,Property Management,Bronze,2024-03-15
CUST-2228,Latrena Berrecloth,lberrecloth6c@nasa.gov,(972) 555-9382,Midwest,Property Management,Bronze,2025-04-07
CUST-2229,Lilly Liger,lliger6d@tiny.cc,(270) 555-5518,Southeast,DIY / Individual,Gold,2025-10-26
CUST-2230,Giacomo Tyre,gtyre6e@cyberchimps.com,(493) 555-1176,Northeast,DIY / Individual,Silver,2024-11-15
CUST-2231,Kriste Kob,kkob6f@about.com,(470) 555-3493,Midwest,DIY / Individual,Gold,2023-12-01
CUST-2232,Stafani Rowlson,srowlson6g@cbslocal.com,(783) 555-2869,Southeast,Residential Construction,Bronze,2024-04-16
CUST-2233,Rhona MacLaverty,rmaclaverty6h@creativecommons.org,(485) 555-9523,Southeast,Residential Construction,Gold,2024-12-22
CUST-2234,Sybil Layland,slayland6i@skyrock.com,(797) 555-7311,Midwest,Landscaping,Bronze,2023-01-02
CUST-2235,Norton Fieldstone,nfieldstone6j@posterous.com,(448) 555-5551,Southeast,Interior Design,Silver,2024-04-18
CUST-2236,Bary Waddington,bwaddington6k@zimbio.com,(823) 555-6686,Southeast,DIY / Individual,Silver,2025-07-09
CUST-2237,Elizabet Blaxlande,eblaxlande6l@apple.com,(540) 555-7553,Southeast,Landscaping,Bronze,2024-03-09
CUST-2238,Marven Zavattero,mzavattero6m@taobao.com,(564) 555-2824,Southeast,Residential Construction,Bronze,2025-12-30
CUST-2239,Mikel O'Shiels,moshiels6n@sohu.com,(893) 555-3944,Midwest,Interior Design,Silver,2025-01-17
CUST-2240,Benedetta Henricsson,bhenricsson6o@admin.ch,(459) 555-7114,Southeast,Interior Design,Bronze,2025-05-04
CUST-2241,Frasquito Lerego,flerego6p@columbia.edu,(951) 555-8630,Northeast,Interior Design,Bronze,2025-05-28
CUST-2242,Brunhilde McTeer,bmcteer6q@chron.com,(576) 555-4249,Southeast,Interior Design,Bronze,2025-04-24
CUST-2243,Milzie Muirhead,mmuirhead6r@google.com.hk,(760) 555-8969,Northeast,DIY / Individual,Silver,2023-12-02
CUST-2244,Margaux Febry,mfebry6s@theguardian.com,(864) 555-5143,Southeast,Residential Construction,Gold,2025-12-24
CUST-2245,Tiertza Bartosiak,tbartosiak6t@bloglovin.com,(427) 555-9986,Southeast,Residential Construction,Bronze,2023-01-11
CUST-2246,Wynne Gaughan,wgaughan6u@reddit.com,(208) 555-3666,Midwest,Property Management,Bronze,2025-05-27
CUST-2247,Heall Tilne,htilne6v@prlog.org,(439) 555-5736,Southeast,DIY / Individual,Silver,2023-08-22
CUST-2248,Laverna Benedick,lbenedick6w@wunderground.com,(239) 555-6226,Southeast,Property Management,Bronze,2024-06-05
CUST-2249,Quent Hatley,qhatley6x@arizona.edu,(401) 555-6718,Northeast,DIY / Individual,Silver,2025-12-25
CUST-2250,Raviv Patifield,rpatifield6y@tuttocitta.it,(832) 555-7340,Southeast,DIY / Individual,Bronze,2024-11-01
CUST-2251,Samson Elnough,selnough6z@g.co,(303) 555-4474,Northeast,Landscaping,Silver,2024-07-21
CUST-2252,Linnet Marsh,lmarsh70@ibm.com,(871) 555-7818,Southeast,Property Management,Silver,2025-06-26
CUST-2253,Corette Darwood,cdarwood71@hubpages.com,(943) 555-7488,Northeast,Residential Construction,Bronze,2025-10-03
CUST-2254,Paulette Adamolli,padamolli72@cbsnews.com,(985) 555-7327,Midwest,Interior Design,Silver,2023-03-30
CUST-2255,Adrea Brugger,abrugger73@tamu.edu,(856) 555-4827,Southeast,Residential Construction,Silver,2024-02-27
CUST-2256,Ddene Eubank,deubank74@wsj.com,(591) 555-8397,Midwest,Residential Construction,Bronze,2025-10-17
CUST-2257,Ambrosi Sudron,asudron75@google.ru,(506) 555-3730,Midwest,DIY / Individual,Silver,2023-06-09
CUST-2258,Shauna Devas,sdevas76@ebay.com,(734) 555-1348,Northeast,Landscaping,Silver,2025-11-03
CUST-2259,Dotty Klaussen,dklaussen77@purevolume.com,(737) 555-8787,West,DIY / Individual,Bronze,2025-07-05
CUST-2260,Celestina Skelly,cskelly78@blogger.com,(224) 555-6304,Midwest,Landscaping,Silver,2024-12-19
CUST-2261,Ottilie Troctor,otroctor79@howstuffworks.com,(746) 555-7223,Northeast,Interior Design,Silver,2025-04-24
CUST-2262,Gianina Glaister,gglaister7a@who.int,(800) 555-5327,Southeast,DIY / Individual,Bronze,2025-02-04
CUST-2263,Savina Hoyte,shoyte7b@cdbaby.com,(340) 555-3463,Midwest,Interior Design,Silver,2024-03-06
CUST-2264,Gabriel Files,gfiles7c@arstechnica.com,(286) 555-9117,Southeast,DIY / Individual,Bronze,2024-09-28
CUST-2265,Tedie Scahill,tscahill7d@1688.com,(397) 555-1701,Northeast,DIY / Individual,Bronze,2025-06-24
CUST-2266,Friedrick Kennagh,fkennagh7e@miitbeian.gov.cn,(975) 555-7728,Northeast,DIY / Individual,Bronze,2024-11-27
CUST-2267,Dona Bernardon,dbernardon7f@opera.com,(790) 555-8406,Midwest,DIY / Individual,Bronze,2025-02-12
CUST-2268,Mycah Gorgen,mgorgen7g@omniture.com,(438) 555-9766,Southeast,DIY / Individual,Bronze,2025-03-04
CUST-2269,Aeriela Illidge,aillidge7h@wsj.com,(224) 555-1210,Southeast,DIY / Individual,Silver,2025-11-27
CUST-2270,Kaleena Moukes,kmoukes7i@edublogs.org,(878) 555-5732,Northeast,Landscaping,Bronze,2025-03-13
CUST-2271,Konstanze Simmill,ksimmill7j@ftc.gov,(456) 555-2307,Southeast,Residential Construction,Bronze,2025-05-22
CUST-2272,Jessee Andrieux,jandrieux7k@google.pl,(952) 555-9985,West,Property Management,Bronze,2025-10-08
CUST-2273,Lilah Wrate,lwrate7l@studiopress.com,(766) 555-4790,Northeast,DIY / Individual,Bronze,2025-08-12
CUST-2274,Mariann Plester,mplester7m@fc2.com,(751) 555-5081,Southeast,DIY / Individual,Bronze,2025-09-18
CUST-2275,Perren Adelsberg,padelsberg7n@bizjournals.com,(381) 555-1994,Northeast,Landscaping,Silver,2024-01-03
CUST-2276,Brande Houtbie,bhoutbie7o@twitter.com,(281) 555-3146,Midwest,Landscaping,Silver,2024-05-20
CUST-2277,Brion Barwis,bbarwis7p@ox.ac.uk,(447) 555-7604,Southeast,Property Management,Bronze,2023-12-31
CUST-2278,Hedda Pointon,hpointon7q@theatlantic.com,(937) 555-5134,Northeast,Residential Construction,Silver,2024-08-17
CUST-2279,Auberon Capoun,acapoun7r@craigslist.org,(308) 555-2848,Southeast,Landscaping,Silver,2025-08-23
CUST-2280,Salomo Gawler,sgawler7s@google.ca,(821) 555-1852,Southeast,DIY / Individual,Bronze,2023-04-14
CUST-2281,Cassius Nehlsen,cnehlsen7t@i2i.jp,(836) 555-1503,Midwest,DIY / Individual,Gold,2025-06-02
CUST-2282,Blanche Hubeaux,bhubeaux7u@skype.com,(714) 555-4307,West,Residential Construction,Silver,2025-09-29
CUST-2283,Lucho Kear,lkear7v@ovh.net,(638) 555-7556,West,Property Management,Bronze,2023-02-28
CUST-2284,Lorenza Balstone,lbalstone7w@google.de,(995) 555-7010,Northeast,DIY / Individual,Bronze,2023-02-08
CUST-2285,Lindy Berendsen,lberendsen7x@unblog.fr,(786) 555-8242,Northeast,DIY / Individual,Bronze,2025-09-10
CUST-2286,Shirleen Harborow,sharborow7y@zdnet.com,(314) 555-1934,West,Property Management,Bronze,2024-12-15
CUST-2287,Vonni Dory,vdory7z@skype.com,(218) 555-1614,Southeast,Residential Construction,Silver,2024-05-22
CUST-2288,Brendon Broszkiewicz,bbroszkiewicz80@surveymonkey.com,(926) 555-5717,Southeast,DIY / Individual,Silver,2023-08-29
CUST-2289,Simone Ackeroyd,sackeroyd81@alibaba.com,(470) 555-7263,Southeast,Residential Construction,Silver,2023-01-28
CUST-2290,Eolanda Cartman,ecartman82@ft.com,(733) 555-9478,Southeast,Interior Design,Bronze,2023-12-02
CUST-2291,Cherrita Ollivier,collivier83@jiathis.com,(320) 555-6267,Southeast,DIY / Individual,Bronze,2023-07-04
CUST-2292,Dorie Coorington,dcoorington84@people.com.cn,(904) 555-8995,Midwest,Property Management,Gold,2023-08-13
CUST-2293,Frederick Toner,ftoner85@walmart.com,(230) 555-8290,Southeast,Property Management,Gold,2025-03-26
CUST-2294,Winifred Brockbank,wbrockbank86@blogs.com,(307) 555-5016,Southeast,Interior Design,Bronze,2025-09-11
CUST-2295,Cassondra Parmeter,cparmeter87@apple.com,(760) 555-7566,Midwest,Landscaping,Silver,2025-09-05
CUST-2296,Bail Chalfant,bchalfant88@twitter.com,(748) 555-1751,West,Property Management,Bronze,2024-05-01
CUST-2297,Eddie O'Kelly,eokelly89@g.co,(394) 555-1037,Southeast,Landscaping,Silver,2025-04-13
CUST-2298,Noah Bardwell,nbardwell8a@ezinearticles.com,(703) 555-9093,Southeast,Interior Design,Bronze,2023-09-23
CUST-2299,Giustino Jagson,gjagson8b@hc360.com,(263) 555-5181,West,DIY / Individual,Silver,2023-02-04
CUST-2300,Bordie Lytell,blytell8c@elegantthemes.com,(939) 555-9424,Southeast,Landscaping,Bronze,2024-06-07
CUST-2301,Salome Foukx,sfoukx8d@dailymotion.com,(393) 555-6501,Southeast,Residential Construction,Bronze,2024-09-07
CUST-2302,Kala MacGuffog,kmacguffog8e@springer.com,(567) 555-5210,Southeast,Property Management,Bronze,2025-09-24
CUST-2303,Bettye Christmas,bchristmas8f@rakuten.co.jp,(631) 555-8043,Midwest,DIY / Individual,Bronze,2024-10-07
CUST-2304,Ashleigh Strongitharm,astrongitharm8g@instagram.com,(363) 555-1053,Midwest,Interior Design,Silver,2025-05-31
CUST-2305,Maurene Beane,mbeane8h@loc.gov,(467) 555-8648,Southeast,DIY / Individual,Bronze,2025-08-14
CUST-2306,Tabby Marritt,tmarritt8i@seesaa.net,(823) 555-9315,Midwest,Residential Construction,Silver,2025-11-12
CUST-2307,Joni Matushevitz,jmatushevitz8j@sphinn.com,(939) 555-6522,Midwest,Property Management,Silver,2025-02-27
CUST-2308,Glendon Lemery,glemery8k@ucsd.edu,(926) 555-8405,West,Landscaping,Bronze,2024-12-16
CUST-2309,Lion Pettyfer,lpettyfer8l@over-blog.com,(869) 555-8156,West,DIY / Individual,Silver,2025-07-15
CUST-2310,Riva Dulwich,rdulwich8m@illinois.edu,(628) 555-3184,Midwest,DIY / Individual,Bronze,2023-05-03
CUST-2311,Bessy Todeo,btodeo8n@macromedia.com,(533) 555-5731,Southeast,DIY / Individual,Gold,2025-11-14
CUST-2312,Lilas Stilling,lstilling8o@artisteer.com,(644) 555-7787,Midwest,Property Management,Silver,2025-02-01
CUST-2313,Janeczka Kruse,jkruse8p@live.com,(881) 555-6223,Midwest,Landscaping,Bronze,2024-01-26
CUST-2314,Wrennie Leads,wleads8q@is.gd,(233) 555-4649,Southeast,Property Management,Bronze,2024-12-30
CUST-2315,Helaina Bris,hbris8r@sciencedaily.com,(369) 555-1203,Midwest,Landscaping,Bronze,2024-06-24
CUST-2316,Corney Ronayne,cronayne8s@fema.gov,(855) 555-9235,Midwest,DIY / Individual,Silver,2025-01-07
CUST-2317,Darsie Weitzel,dweitzel8t@imgur.com,(878) 555-9439,West,Residential Construction,Bronze,2025-08-08
CUST-2318,Chrysler Moncreiffe,cmoncreiffe8u@usnews.com,(673) 555-4291,Southeast,Landscaping,Silver,2025-02-09
CUST-2319,Burk Maudling,bmaudling8v@ihg.com,(808) 555-6515,Midwest,Residential Construction,Bronze,2024-04-03
CUST-2320,Hilario Holdin,hholdin8w@apache.org,(400) 555-9165,Midwest,Property Management,Bronze,2024-10-20
CUST-2321,Dre Starling,dstarling8x@sitemeter.com,(291) 555-3515,Southeast,Interior Design,Bronze,2024-10-13
CUST-2322,Maurene Cauldwell,mcauldwell8y@who.int,(296) 555-4656,West,DIY / Individual,Bronze,2024-12-14
CUST-2323,Blinny Southerns,bsoutherns8z@yahoo.com,(736) 555-8069,Midwest,DIY / Individual,Silver,2025-02-14
CUST-2324,Michelina McGonnell,mmcgonnell90@webnode.com,(803) 555-1476,Midwest,DIY / Individual,Bronze,2023-04-04
CUST-2325,Hillary Mynott,hmynott91@xrea.com,(873) 555-6927,Midwest,Landscaping,Bronze,2025-06-19
CUST-2326,Carmine Hayman,chayman92@samsung.com,(904) 555-4393,Southeast,Property Management,Bronze,2023-05-17
CUST-2327,Gran Antram,gantram93@canalblog.com,(349) 555-1415,Midwest,Landscaping,Silver,2023-01-12
CUST-2328,Donielle Buckam,dbuckam94@altervista.org,(655) 555-9289,Midwest,Residential Construction,Bronze,2024-06-19
CUST-2329,Hughie Volett,hvolett95@qq.com,(214) 555-1040,Midwest,Property Management,Silver,2023-01-31
CUST-2330,Phil Lingley,plingley96@sourceforge.net,(376) 555-5794,Midwest,DIY / Individual,Bronze,2023-11-15
CUST-2331,Ingrid Harrison,iharrison97@buzzfeed.com,(844) 555-6880,West,Property Management,Gold,2024-09-21
CUST-2332,Vikky Beeres,vbeeres98@amazon.de,(691) 555-7508,Midwest,Residential Construction,Bronze,2025-07-28
CUST-2333,Joel Pache,jpache99@thetimes.co.uk,(252) 555-9165,Southeast,DIY / Individual,Bronze,2025-02-28
CUST-2334,Wenona Yeoman,wyeoman9a@state.gov,(298) 555-3744,Southeast,Landscaping,Bronze,2024-01-31
CUST-2335,Lukas Klimowski,lklimowski9b@si.edu,(558) 555-2484,Midwest,DIY / Individual,Bronze,2025-07-23
CUST-2336,Rockwell Apple,rapple9c@hostgator.com,(884) 555-5934,Midwest,Property Management,Silver,2025-05-09
CUST-2337,Muriel Kirsch,mkirsch9d@icq.com,(211) 555-2963,Midwest,Landscaping,Bronze,2025-01-25
CUST-2338,Jinny Daal,jdaal9e@rakuten.co.jp,(965) 555-5860,Southeast,Property Management,Bronze,2024-11-28
CUST-2339,Ulla Fosberry,ufosberry9f@thetimes.co.uk,(989) 555-8272,Southeast,Property Management,Bronze,2025-12-10
CUST-2340,Rahel Sydes,rsydes9g@redcross.org,(787) 555-8639,Southeast,Landscaping,Silver,2024-09-19
CUST-2341,Bogey Eliaz,beliaz9h@europa.eu,(966) 555-1843,Northeast,Residential Construction,Silver,2025-02-23
CUST-2342,Vidovik Jimeno,vjimeno9i@ucoz.ru,(449) 555-1374,Northeast,Residential Construction,Bronze,2025-04-18
CUST-2343,Charla Wakeling,cwakeling9j@github.io,(259) 555-3205,Southeast,DIY / Individual,Silver,2023-10-21
CUST-2344,Idalina Prout,iprout9k@t.co,(457) 555-7658,Midwest,DIY / Individual,Gold,2025-11-12
CUST-2345,Gifford Creenan,gcreenan9l@bloglines.com,(212) 555-5913,Northeast,DIY / Individual,Bronze,2024-08-11
CUST-2346,Winny Oswell,woswell9m@epa.gov,(705) 555-6680,Southeast,Property Management,Silver,2024-07-30
CUST-2347,Doralia D'Souza,ddsouza9n@bigcartel.com,(870) 555-9617,Midwest,DIY / Individual,Bronze,2024-11-17
CUST-2348,Marilyn Pitrollo,mpitrollo9o@salon.com,(402) 555-4519,Midwest,DIY / Individual,Silver,2025-10-17
CUST-2349,Marlo Drynan,mdrynan9p@icq.com,(686) 555-3282,Southeast,DIY / Individual,Silver,2023-04-20
CUST-2350,Gabriel Lefwich,glefwich9q@geocities.jp,(545) 555-4014,Southeast,DIY / Individual,Bronze,2025-04-06
CUST-2351,Tyson McNess,tmcness9r@vistaprint.com,(844) 555-8268,Midwest,Landscaping,Bronze,2023-06-16
CUST-2352,Gearard Britland,gbritland9s@blinklist.com,(308) 555-4747,Southeast,Residential Construction,Bronze,2023-08-17
CUST-2353,Thorny Cleugher,tcleugher9t@sphinn.com,(551) 555-8154,Midwest,DIY / Individual,Bronze,2025-06-23
CUST-2354,Hal Clother,hclother9u@squarespace.com,(402) 555-3598,West,Property Management,Bronze,2025-08-16
CUST-2355,Freddy Muckloe,fmuckloe9v@google.ca,(747) 555-7420,Southeast,DIY / Individual,Bronze,2024-04-02
CUST-2356,Kylen Waldron,kwaldron9w@sun.com,(461) 555-1591,Southeast,Property Management,Bronze,2024-09-06
CUST-2357,Sutherland Rolling,srolling9x@guardian.co.uk,(998) 555-8278,Northeast,DIY / Individual,Gold,2025-01-09
CUST-2358,Gigi Stobart,gstobart9y@usatoday.com,(963) 555-9085,Southeast,Landscaping,Bronze,2025-10-01
CUST-2359,Jdavie Leggen,jleggen9z@ox.ac.uk,(760) 555-3645,Southeast,DIY / Individual,Silver,2023-04-05
CUST-2360,Muffin Colson,mcolsona0@gov.uk,(816) 555-3833,Northeast,Landscaping,Bronze,2025-08-22
CUST-2361,Matelda Rushmere,mrushmerea1@hubpages.com,(953) 555-4741,Southeast,DIY / Individual,Silver,2025-03-22
CUST-2362,Carmine Wheeliker,cwheelikera2@ebay.com,(461) 555-7796,Midwest,Property Management,Bronze,2025-05-17
CUST-2363,Dallas Sacchetti,dsacchettia3@netscape.com,(701) 555-2862,Midwest,DIY / Individual,Bronze,2024-04-26
CUST-2364,Milton Kirwan,mkirwana4@ning.com,(221) 555-4090,Northeast,Residential Construction,Bronze,2024-01-20
CUST-2365,Penni Cunrado,pcunradoa5@opera.com,(630) 555-3068,West,DIY / Individual,Silver,2023-01-28
CUST-2366,Heinrick Dumke,hdumkea6@phpbb.com,(608) 555-3511,Midwest,Property Management,Bronze,2024-04-03
CUST-2367,Payton Chiene,pchienea7@salon.com,(350) 555-9235,Midwest,Landscaping,Bronze,2024-04-20
CUST-2368,Lindy Klauber,lklaubera8@shinystat.com,(694) 555-7844,Southeast,Residential Construction,Silver,2025-08-24
CUST-2369,Carly Sewart,csewarta9@netvibes.com,(556) 555-3330,Southeast,DIY / Individual,Silver,2025-11-23
CUST-2370,Beret Roelofsen,broelofsenaa@ted.com,(698) 555-1630,Southeast,DIY / Individual,Bronze,2025-05-09
CUST-2371,Keefe Tirrell,ktirrellab@webs.com,(227) 555-2691,Northeast,Residential Construction,Gold,2025-02-19
CUST-2372,Gerhardine Gilmore,ggilmoreac@sitemeter.com,(552) 555-5810,Midwest,DIY / Individual,Silver,2025-03-25
CUST-2373,Marcello Arnoud,marnoudad@google.de,(958) 555-8598,Midwest,Residential Construction,Gold,2024-02-13
CUST-2374,Patti Vedekhov,pvedekhovae@photobucket.com,(285) 555-4985,Northeast,DIY / Individual,Bronze,2025-04-07
CUST-2375,Alphard Dodle,adodleaf@illinois.edu,(998) 555-7755,Southeast,Property Management,Silver,2023-12-10
CUST-2376,Misti Carlon,mcarlonag@theatlantic.com,(930) 555-2345,Southeast,Landscaping,Bronze,2025-01-11
CUST-2377,Krishna Danson,kdansonah@cafepress.com,(233) 555-9239,Midwest,Property Management,Silver,2025-04-20
CUST-2378,Gallagher Esgate,gesgateai@ucoz.com,(767) 555-8512,West,DIY / Individual,Gold,2025-03-09
CUST-2379,Costa Swinney,cswinneyaj@nsw.gov.au,(934) 555-6076,Southeast,DIY / Individual,Bronze,2025-07-15
CUST-2380,Hermon Kliner,hklinerak@slideshare.net,(994) 555-5884,Northeast,Landscaping,Silver,2025-04-23
CUST-2381,Ryon Coplestone,rcoplestoneal@washingtonpost.com,(444) 555-4741,Midwest,DIY / Individual,Gold,2024-10-05
CUST-2382,Ingamar Cockren,icockrenam@tripod.com,(693) 555-1335,Southeast,DIY / Individual,Silver,2023-05-13
CUST-2383,Griselda Batting,gbattingan@instagram.com,(322) 555-9011,Southeast,Landscaping,Silver,2024-12-10
CUST-2384,Jacqueline Barensky,jbarenskyao@irs.gov,(467) 555-5350,Southeast,DIY / Individual,Bronze,2024-03-03
CUST-2385,Kessia Scates,kscatesap@wired.com,(412) 555-3597,West,Landscaping,Bronze,2025-12-29
CUST-2386,Lynette Glew,lglewaq@furl.net,(832) 555-2181,Southeast,Landscaping,Bronze,2024-06-11
CUST-2387,Ferdinand Fairbrass,ffairbrassar@nydailynews.com,(869) 555-2724,Midwest,Landscaping,Silver,2025-04-23
CUST-2388,Enoch Trevethan,etrevethanas@hubpages.com,(487) 555-7638,Midwest,Residential Construction,Silver,2024-08-10
CUST-2389,Aridatha Crallan,acrallanat@tinypic.com,(211) 555-2466,Midwest,Landscaping,Bronze,2023-02-23
CUST-2390,Anabel Van den Broek,avanau@nsw.gov.au,(899) 555-1187,West,Property Management,Silver,2024-03-16
CUST-2391,Natalie Hebdon,nhebdonav@mysql.com,(582) 555-9744,Midwest,Interior Design,Silver,2024-04-19
CUST-2392,Xavier Talman,xtalmanaw@taobao.com,(619) 555-7654,Midwest,Interior Design,Silver,2024-04-16
CUST-2393,Betsy Vasile,bvasileax@guardian.co.uk,(328) 555-2151,Southeast,Landscaping,Bronze,2025-02-21
CUST-2394,Madalena Scanlin,mscanlinay@omniture.com,(322) 555-7000,West,DIY / Individual,Bronze,2024-04-28
CUST-2395,Brook Croucher,bcroucheraz@taobao.com,(528) 555-7079,Northeast,DIY / Individual,Bronze,2024-05-22
CUST-2396,Kelcey Oag,koagb0@un.org,(755) 555-9617,Midwest,Property Management,Silver,2025-08-16
CUST-2397,Heda Bader,hbaderb1@unesco.org,(736) 555-8505,Southeast,Landscaping,Bronze,2024-12-14
CUST-2398,Edgard Tallquist,etallquistb2@nymag.com,(928) 555-9965,West,DIY / Individual,Bronze,2025-12-11
CUST-2399,Arni Febre,afebreb3@meetup.com,(659) 555-9702,Southeast,DIY / Individual,Silver,2024-09-13
CUST-2400,Brody Portlock,bportlockb4@harvard.edu,(268) 555-4173,Midwest,DIY / Individual,Bronze,2025-02-13
CUST-2401,Ken Lancaster,klancasterb5@nature.com,(602) 555-7691,Northeast,Property Management,Silver,2025-04-20
CUST-2402,Martita Plastow,mplastowb6@topsy.com,(260) 555-1588,Midwest,DIY / Individual,Bronze,2024-08-18
CUST-2403,Forester Stephenson,fstephensonb7@sina.com.cn,(946) 555-4209,Midwest,Interior Design,Bronze,2025-09-01
CUST-2404,Vivian Corking,vcorkingb8@cmu.edu,(853) 555-2173,Midwest,Landscaping,Bronze,2025-08-09
CUST-2405,Kahaleel Mackie,kmackieb9@yandex.ru,(297) 555-9512,Southeast,Landscaping,Bronze,2025-10-17
CUST-2406,Ermengarde Bramford,ebramfordba@biblegateway.com,(746) 555-8882,Northeast,Landscaping,Gold,2025-09-17
CUST-2407,Corinne Gisbourn,cgisbournbb@nasa.gov,(317) 555-7214,West,Interior Design,Silver,2025-06-13
CUST-2408,Bradford Beart,bbeartbc@xing.com,(437) 555-8384,West,Residential Construction,Bronze,2024-04-13
CUST-2409,Lind Buffy,lbuffybd@blogs.com,(503) 555-4817,West,Property Management,Bronze,2024-05-22
CUST-2410,Mead Ockendon,mockendonbe@google.es,(996) 555-4918,Southeast,Landscaping,Bronze,2024-12-24
CUST-2411,Moyna Jovic,mjovicbf@rambler.ru,(292) 555-8800,Southeast,Interior Design,Gold,2025-06-23
CUST-2412,Leoine Ert,lertbg@storify.com,(250) 555-1887,Northeast,DIY / Individual,Silver,2023-06-28
CUST-2413,Sophie Allcroft,sallcroftbh@deliciousdays.com,(848) 555-8425,Southeast,DIY / Individual,Bronze,2024-10-28
CUST-2414,Janaya Gladtbach,jgladtbachbi@reddit.com,(682) 555-8361,Southeast,DIY / Individual,Bronze,2025-09-14
CUST-2415,Dill Bales,dbalesbj@prnewswire.com,(320) 555-8392,Midwest,Property Management,Bronze,2023-10-15
CUST-2416,Norman Grabert,ngrabertbk@microsoft.com,(455) 555-6532,Northeast,DIY / Individual,Bronze,2024-04-13
CUST-2417,Lorrayne Creeboe,lcreeboebl@amazon.co.uk,(739) 555-4779,West,DIY / Individual,Bronze,2025-03-07
CUST-2418,Rooney Mourant,rmourantbm@creativecommons.org,(456) 555-4592,Midwest,Property Management,Gold,2025-12-08
CUST-2419,Nefen Le Frank,nlebn@smugmug.com,(341) 555-9569,Midwest,Landscaping,Gold,2025-10-10
CUST-2420,Annecorinne Molden,amoldenbo@archive.org,(682) 555-5450,Midwest,Landscaping,Gold,2024-05-28
CUST-2421,Constantin Udell,cudellbp@ocn.ne.jp,(749) 555-4448,Southeast,Landscaping,Bronze,2024-02-17
CUST-2422,Damien Shimwall,dshimwallbq@nps.gov,(917) 555-9715,Northeast,DIY / Individual,Silver,2024-04-10
CUST-2423,Ailyn Feavearyear,afeavearyearbr@cyberchimps.com,(639) 555-4655,Northeast,Property Management,Bronze,2025-01-22
CUST-2424,Rosanna Huxstep,rhuxstepbs@mac.com,(875) 555-3512,Midwest,Residential Construction,Bronze,2025-01-06
CUST-2425,Cristi Dovidian,cdovidianbt@bluehost.com,(650) 555-1183,Southeast,DIY / Individual,Bronze,2025-11-20
CUST-2426,Arlee Angelo,aangelobu@kickstarter.com,(506) 555-1360,Northeast,DIY / Individual,Silver,2025-01-23
CUST-2427,Casar Matusiak,cmatusiakbv@cyberchimps.com,(357) 555-1218,Midwest,Property Management,Silver,2025-12-27
CUST-2428,Laureen Ayshford,layshfordbw@disqus.com,(843) 555-9316,Midwest,Residential Construction,Silver,2024-01-31
CUST-2429,Joceline Kauschke,jkauschkebx@wordpress.org,(973) 555-1536,Northeast,Landscaping,Bronze,2023-02-03
CUST-2430,Torr Smewings,tsmewingsby@sciencedirect.com,(482) 555-2748,Northeast,Interior Design,Bronze,2023-05-26
CUST-2431,Leigh Grunbaum,lgrunbaumbz@usda.gov,(347) 555-6699,Midwest,Residential Construction,Bronze,2023-09-09
CUST-2432,Candide Wolffers,cwolffersc0@multiply.com,(776) 555-8380,Southeast,Property Management,Bronze,2023-03-27
CUST-2433,Sophey Morgan,smorganc1@ow.ly,(830) 555-6561,Northeast,DIY / Individual,Bronze,2023-05-22
CUST-2434,Kelly Rodolphe,krodolphec2@icq.com,(687) 555-1199,West,DIY / Individual,Bronze,2025-08-15
CUST-2435,Adda Woodwin,awoodwinc3@tuttocitta.it,(746) 555-9386,West,DIY / Individual,Silver,2025-12-07
CUST-2436,Shirlene Devenish,sdevenishc4@uiuc.edu,(348) 555-2831,Midwest,Residential Construction,Gold,2025-03-03
CUST-2437,Giffard Korbmaker,gkorbmakerc5@shinystat.com,(900) 555-7909,Southeast,DIY / Individual,Bronze,2024-11-16
CUST-2438,Kendal Fairlem,kfairlemc6@myspace.com,(887) 555-2489,Southeast,DIY / Individual,Gold,2025-05-19
CUST-2439,Estrella Adnams,eadnamsc7@sogou.com,(960) 555-3146,Southeast,Residential Construction,Bronze,2023-12-19
CUST-2440,Mayer Gres,mgresc8@about.com,(552) 555-9792,Southeast,DIY / Individual,Bronze,2025-01-13
CUST-2441,Carrissa Drinkall,cdrinkallc9@oaic.gov.au,(763) 555-3787,Midwest,Property Management,Bronze,2023-11-24
CUST-2442,Krishnah Wyllt,kwylltca@prnewswire.com,(900) 555-1235,Southeast,Landscaping,Bronze,2025-05-05
CUST-2443,Brent Caraher,bcarahercb@cbslocal.com,(446) 555-1527,Midwest,Residential Construction,Bronze,2024-08-01
CUST-2444,Honey Kuhlen,hkuhlencc@disqus.com,(620) 555-2921,Northeast,DIY / Individual,Silver,2024-02-13
CUST-2445,Cordelia Matchett,cmatchettcd@technorati.com,(205) 555-4394,Southeast,DIY / Individual,Bronze,2024-06-28
CUST-2446,Suzi Scinelli,sscinellice@mapy.cz,(220) 555-1266,West,Residential Construction,Bronze,2023-03-08
CUST-2447,Fernanda Dumbrell,fdumbrellcf@indiegogo.com,(231) 555-3540,Northeast,Property Management,Bronze,2024-07-05
CUST-2448,Florie Cowpland,fcowplandcg@ft.com,(967) 555-5323,Northeast,Landscaping,Gold,2023-12-22
CUST-2449,Nannie Mighele,nmighelech@diigo.com,(638) 555-1030,Southeast,Residential Construction,Bronze,2024-03-11
CUST-2450,Carolee Jossel,cjosselci@tamu.edu,(664) 555-5136,Northeast,Landscaping,Bronze,2025-07-06
CUST-2451,Dalton Larmouth,dlarmouthcj@acquirethisname.com,(869) 555-9096,Southeast,DIY / Individual,Silver,2024-11-12
CUST-2452,Edan Zimek,ezimekck@networkadvertising.org,(379) 555-3625,Midwest,Property Management,Bronze,2024-11-04
CUST-2453,Leandra Harrill,lharrillcl@cnet.com,(847) 555-9953,Northeast,Landscaping,Bronze,2024-10-26
CUST-2454,Biddy MacScherie,bmacscheriecm@nytimes.com,(259) 555-5970,Southeast,Residential Construction,Gold,2024-10-08
CUST-2455,Violetta Tilburn,vtilburncn@ca.gov,(680) 555-6380,Midwest,Residential Construction,Bronze,2023-02-02
CUST-2456,Jeniffer Fosten,jfostenco@intel.com,(371) 555-9736,Southeast,Residential Construction,Bronze,2025-12-20
CUST-2457,Theda Feltoe,tfeltoecp@arstechnica.com,(268) 555-1828,Midwest,DIY / Individual,Bronze,2025-04-11
CUST-2458,Hillyer Domingues,hdominguescq@hao123.com,(354) 555-9058,West,Landscaping,Bronze,2025-06-25
CUST-2459,Hobard Rowan,hrowancr@wunderground.com,(466) 555-6505,West,Interior Design,Silver,2025-12-08
CUST-2460,Cornelle Sheed,csheedcs@shop-pro.jp,(481) 555-8713,West,Property Management,Silver,2025-03-30
CUST-2461,Pete Lapenna,plapennact@cyberchimps.com,(789) 555-6184,Northeast,DIY / Individual,Silver,2023-03-26
CUST-2462,Cordey Filintsev,cfilintsevcu@seesaa.net,(295) 555-3862,Southeast,Property Management,Bronze,2024-08-31
CUST-2463,Jillene Osichev,josichevcv@howstuffworks.com,(384) 555-8367,West,DIY / Individual,Silver,2024-06-21
CUST-2464,Laverna Cumbridge,lcumbridgecw@edublogs.org,(212) 555-8687,Midwest,DIY / Individual,Bronze,2025-09-02
CUST-2465,Penrod Ainsworth,painsworthcx@i2i.jp,(639) 555-7046,Southeast,Landscaping,Bronze,2025-01-26
CUST-2466,Munroe Zannuto,mzannutocy@apache.org,(911) 555-5713,Midwest,Landscaping,Bronze,2024-01-25
CUST-2467,Cointon Sidebottom,csidebottomcz@dell.com,(776) 555-1088,Midwest,DIY / Individual,Bronze,2024-12-23
CUST-2468,Nadean Gong,ngongd0@whitehouse.gov,(949) 555-2015,West,Landscaping,Silver,2025-10-21
CUST-2469,Judie Lindman,jlindmand1@ehow.com,(985) 555-5932,Southeast,DIY / Individual,Bronze,2025-06-01
CUST-2470,Shirleen Smorthwaite,ssmorthwaited2@webs.com,(358) 555-9247,Southeast,Residential Construction,Bronze,2025-09-09
CUST-2471,Liesa Braban,lbraband3@amazon.com,(809) 555-7607,Midwest,DIY / Individual,Bronze,2025-01-31
CUST-2472,Baryram Van der Linde,bvand4@usda.gov,(618) 555-9066,Southeast,DIY / Individual,Bronze,2023-02-04
CUST-2473,Dewain Sallinger,dsallingerd5@columbia.edu,(626) 555-3940,West,Residential Construction,Silver,2025-02-13
CUST-2474,Aarika O'Hartnett,aohartnettd6@nps.gov,(615) 555-4453,Northeast,Landscaping,Silver,2025-07-15
CUST-2475,Sibyl Steddall,ssteddalld7@wunderground.com,(907) 555-5093,Midwest,Landscaping,Bronze,2023-12-31
CUST-2476,Nevin Meggison,nmeggisond8@redcross.org,(235) 555-7116,Southeast,DIY / Individual,Gold,2025-10-16
CUST-2477,Reade Conyer,rconyerd9@ifeng.com,(835) 555-5363,Midwest,Landscaping,Gold,2024-03-22
CUST-2478,Kelly Garrood,kgarroodda@sciencedaily.com,(981) 555-7506,Southeast,Landscaping,Gold,2024-10-29
CUST-2479,Addison Callaghan,acallaghandb@newyorker.com,(419) 555-1332,Midwest,DIY / Individual,Bronze,2024-05-02
CUST-2480,Camile Bladesmith,cbladesmithdc@webs.com,(268) 555-2640,Midwest,DIY / Individual,Bronze,2024-07-21
CUST-2481,Meredith Brewis,mbrewisdd@surveymonkey.com,(523) 555-2900,Midwest,Interior Design,Bronze,2023-06-05
CUST-2482,Stafani Hynes,shynesde@myspace.com,(841) 555-6907,Midwest,DIY / Individual,Bronze,2024-05-14
CUST-2483,Cristionna Oman,comandf@sciencedaily.com,(447) 555-5221,Southeast,Property Management,Bronze,2023-05-10
CUST-2484,Mandi Marland,mmarlanddg@sohu.com,(587) 555-1324,Midwest,Landscaping,Silver,2025-03-16
CUST-2485,Merilyn Vanyukov,mvanyukovdh@patch.com,(489) 555-9850,West,DIY / Individual,Silver,2025-05-29
CUST-2486,Inger Kreuzer,ikreuzerdi@fastcompany.com,(763) 555-5630,Midwest,DIY / Individual,Bronze,2023-09-15
CUST-2487,Lolly Lindbergh,llindberghdj@cloudflare.com,(427) 555-3012,Southeast,DIY / Individual,Bronze,2024-07-23
CUST-2488,Gratiana Vollam,gvollamdk@paginegialle.it,(382) 555-2060,Midwest,DIY / Individual,Silver,2025-12-03
CUST-2489,Sauncho Probin,sprobindl@is.gd,(556) 555-7466,West,DIY / Individual,Bronze,2025-02-09
CUST-2490,Damiano Nathon,dnathondm@narod.ru,(507) 555-3271,Midwest,Landscaping,Bronze,2024-06-17
CUST-2491,Colan Rashleigh,crashleighdn@ftc.gov,(693) 555-7462,Midwest,Interior Design,Bronze,2024-08-01
CUST-2492,Dodie Landsbury,dlandsburydo@quantcast.com,(904) 555-5875,Northeast,Landscaping,Bronze,2025-11-27
CUST-2493,Kippy Merriman,kmerrimandp@usatoday.com,(766) 555-7568,West,Interior Design,Bronze,2025-11-03
CUST-2494,Rainer Resun,rresundq@ed.gov,(438) 555-6842,Northeast,DIY / Individual,Bronze,2024-05-02
CUST-2495,Kattie Ebben,kebbendr@oakley.com,(730) 555-3174,Midwest,DIY / Individual,Bronze,2024-12-27
CUST-2496,Carlen Verdie,cverdieds@networksolutions.com,(428) 555-9510,Northeast,Landscaping,Bronze,2025-01-23
CUST-2497,Rozella McLeman,rmclemandt@gravatar.com,(582) 555-9695,Midwest,DIY / Individual,Bronze,2025-12-06
CUST-2498,Kalli Dowthwaite,kdowthwaitedu@digg.com,(692) 555-6463,Midwest,Landscaping,Gold,2025-06-12
CUST-2499,Gualterio Bygreaves,gbygreavesdv@wp.com,(919) 555-7930,Southeast,Landscaping,Bronze,2025-07-26
CUST-2500,Vivie Potter,vpotterdw@miitbeian.gov.cn,(521) 555-7278,West,DIY / Individual,Silver,2024-07-31
CUST-2501,Henrik Extall,hextalldx@sitemeter.com,(846) 555-6189,Midwest,Residential Construction,Bronze,2023-08-23
CUST-2502,Burl Langfitt,blangfittdy@usnews.com,(409) 555-1595,Midwest,DIY / Individual,Bronze,2023-07-12
CUST-2503,Maybelle Hamlett,mhamlettdz@skyrock.com,(692) 555-5388,Northeast,Interior Design,Bronze,2023-10-07
CUST-2504,Kele Oddey,koddeye0@state.tx.us,(951) 555-4583,Southeast,DIY / Individual,Bronze,2023-02-27
CUST-2505,Dusty Fairlaw,dfairlawe1@woothemes.com,(502) 555-5879,Southeast,Property Management,Bronze,2025-01-27
CUST-2506,Phylys Atkinson,patkinsone2@amazon.com,(348) 555-9464,Northeast,Landscaping,Bronze,2024-03-21
CUST-2507,Waldo Healings,whealingse3@latimes.com,(564) 555-3243,Southeast,DIY / Individual,Gold,2023-03-23
CUST-2508,Ichabod Uvedale,iuvedalee4@trellian.com,(308) 555-1132,Northeast,Residential Construction,Gold,2023-05-31
CUST-2509,Jenilee Morstatt,jmorstatte5@creativecommons.org,(696) 555-7070,West,DIY / Individual,Bronze,2024-01-25
CUST-2510,Pembroke Humble,phumblee6@symantec.com,(268) 555-3059,Midwest,DIY / Individual,Bronze,2025-03-22
CUST-2511,Chicky Squires,csquirese7@lycos.com,(437) 555-6358,Midwest,Property Management,Bronze,2024-11-28
CUST-2512,Vevay Leile,vleilee8@hud.gov,(420) 555-2643,West,DIY / Individual,Bronze,2025-12-15
CUST-2513,Mollee Sartin,msartine9@answers.com,(903) 555-6389,Northeast,Property Management,Bronze,2025-04-27
CUST-2514,Gisela Kirkhouse,gkirkhouseea@naver.com,(895) 555-8534,Southeast,Interior Design,Bronze,2023-02-27
CUST-2515,Ephrayim Britian,ebritianeb@bloomberg.com,(232) 555-2434,Southeast,DIY / Individual,Bronze,2025-08-05
CUST-2516,Gilligan Halton,ghaltonec@ameblo.jp,(508) 555-6395,Southeast,DIY / Individual,Silver,2023-01-08
CUST-2517,Maggie Padilla,mpadillaed@businessweek.com,(213) 555-2286,Southeast,DIY / Individual,Bronze,2025-11-07
CUST-2518,Griswold Statter,gstatteree@pen.io,(566) 555-9583,Midwest,Residential Construction,Bronze,2024-11-27
CUST-2519,Karrah Morgue,kmorgueef@goo.ne.jp,(411) 555-2783,West,Landscaping,Bronze,2025-01-27
CUST-2520,Blane Teale,btealeeg@nps.gov,(614) 555-9719,Midwest,Property Management,Gold,2023-11-07
CUST-2521,Torrence Boyer,tboyereh@intel.com,(442) 555-8244,Southeast,Property Management,Bronze,2025-12-01
CUST-2522,Jacqui Rosenauer,jrosenauerei@ox.ac.uk,(612) 555-3179,Northeast,Landscaping,Bronze,2023-04-10
CUST-2523,Marietta McCarter,mmccarterej@soundcloud.com,(796) 555-7663,West,DIY / Individual,Silver,2024-01-30
CUST-2524,Pen Helliar,phelliarek@163.com,(364) 555-9672,West,Property Management,Silver,2023-07-14
CUST-2525,Cherrita Smidmoor,csmidmoorel@google.ru,(949) 555-9362,Midwest,DIY / Individual,Bronze,2025-10-11
CUST-2526,Ken Hazle,khazleem@shinystat.com,(456) 555-6140,Northeast,Property Management,Bronze,2025-09-17
CUST-2527,Ashley Beeby,abeebyen@instagram.com,(673) 555-2136,Midwest,Interior Design,Silver,2024-11-03
CUST-2528,Gayelord O'Duggan,godugganeo@youku.com,(793) 555-2047,Northeast,Residential Construction,Silver,2024-10-28
CUST-2529,Benjamin Fierro,bfierroep@php.net,(486) 555-7122,Southeast,Interior Design,Silver,2025-01-31
CUST-2530,Julian Frankland,jfranklandeq@msu.edu,(251) 555-5239,Northeast,DIY / Individual,Silver,2023-12-11
CUST-2531,Creighton Loughren,cloughrener@soup.io,(433) 555-9153,Northeast,Interior Design,Bronze,2025-02-14
CUST-2532,Stephenie Minghetti,sminghetties@howstuffworks.com,(374) 555-4513,Midwest,DIY / Individual,Bronze,2025-07-21
CUST-2533,Tris Topling,ttoplinget@auda.org.au,(826) 555-2533,Midwest,Landscaping,Bronze,2023-08-17
CUST-2534,Kate Saunders,ksaunderseu@zimbio.com,(917) 555-5103,Midwest,DIY / Individual,Gold,2025-06-06
CUST-2535,Rafe MacNair,rmacnairev@loc.gov,(605) 555-3232,Southeast,Landscaping,Bronze,2023-09-17
CUST-2536,Honoria Basketter,hbasketterew@microsoft.com,(461) 555-8971,Southeast,Landscaping,Silver,2024-02-22
CUST-2537,Sascha Peotz,speotzex@instagram.com,(362) 555-1759,Southeast,Property Management,Silver,2024-11-05
CUST-2538,Niels Greatrex,ngreatrexey@skype.com,(390) 555-7692,West,Landscaping,Bronze,2025-08-13
CUST-2539,Marjie Pischof,mpischofez@wired.com,(863) 555-1004,Northeast,DIY / Individual,Bronze,2025-05-03
CUST-2540,Nerita Maryin,nmaryinf0@xinhuanet.com,(202) 555-8757,Northeast,DIY / Individual,Bronze,2023-12-06
CUST-2541,Brander Sealy,bsealyf1@reddit.com,(318) 555-9647,Southeast,Property Management,Gold,2023-01-16
CUST-2542,Stanwood Lebourn,slebournf2@facebook.com,(698) 555-4649,Midwest,Landscaping,Bronze,2023-12-04
CUST-2543,Reena Lebel,rlebelf3@pcworld.com,(372) 555-9471,Southeast,Landscaping,Bronze,2025-03-20
CUST-2544,Basilio Dickon,bdickonf4@pinterest.com,(879) 555-8424,Northeast,Landscaping,Bronze,2024-03-29
CUST-2545,Ray Goldstone,rgoldstonef5@meetup.com,(769) 555-9102,Midwest,Landscaping,Silver,2025-04-17
CUST-2546,Ernesto Westcott,ewestcottf6@army.mil,(887) 555-1022,Southeast,Landscaping,Silver,2025-04-25
CUST-2547,Betsey Weerdenburg,bweerdenburgf7@mashable.com,(509) 555-1832,West,DIY / Individual,Silver,2024-06-19
CUST-2548,Edlin Etherton,eethertonf8@miibeian.gov.cn,(278) 555-5814,Midwest,Interior Design,Gold,2025-05-24
CUST-2549,Gay Smorfit,gsmorfitf9@usa.gov,(967) 555-9669,Northeast,Interior Design,Silver,2024-02-22
CUST-2550,Justus Fabbri,jfabbrifa@bizjournals.com,(461) 555-8260,Northeast,Residential Construction,Bronze,2025-09-03
CUST-2551,Gaylord Morsley,gmorsleyfb@senate.gov,(370) 555-8991,Midwest,DIY / Individual,Bronze,2023-02-04
CUST-2552,Vin Todarello,vtodarellofc@xrea.com,(402) 555-6783,Midwest,DIY / Individual,Silver,2023-07-16
CUST-2553,Richmond Bernucci,rbernuccifd@meetup.com,(550) 555-3127,Southeast,DIY / Individual,Bronze,2025-12-19
CUST-2554,Stanfield Wipfler,swipflerfe@nyu.edu,(471) 555-3228,Southeast,Residential Construction,Bronze,2025-03-12
CUST-2555,Iolanthe Clout,icloutff@example.com,(942) 555-9553,Southeast,Landscaping,Silver,2024-09-20
CUST-2556,Karia Virr,kvirrfg@over-blog.com,(451) 555-6151,Southeast,DIY / Individual,Silver,2024-06-30
CUST-2557,Stefanie Tonnesen,stonnesenfh@simplemachines.org,(766) 555-5508,Northeast,DIY / Individual,Silver,2025-04-17
CUST-2558,Elsworth Unwin,eunwinfi@oaic.gov.au,(642) 555-8474,Northeast,Residential Construction,Bronze,2024-12-16
CUST-2559,Devin Biasetti,dbiasettifj@angelfire.com,(861) 555-3339,Midwest,Landscaping,Bronze,2024-02-19
CUST-2560,Jodee Muris,jmurisfk@cisco.com,(335) 555-2009,Midwest,Residential Construction,Silver,2025-11-09
CUST-2561,Roseanne MacAlpin,rmacalpinfl@paginegialle.it,(238) 555-3696,Northeast,DIY / Individual,Silver,2024-10-09
CUST-2562,Arlen Bulpitt,abulpittfm@dot.gov,(728) 555-1637,Southeast,DIY / Individual,Bronze,2025-05-24
CUST-2563,Kassey Wagge,kwaggefn@constantcontact.com,(613) 555-2594,Midwest,Property Management,Silver,2024-09-27
CUST-2564,Randolf Longhorne,rlonghornefo@exblog.jp,(629) 555-4330,Southeast,Property Management,Bronze,2025-09-28
CUST-2565,Elwira Brind,ebrindfp@yandex.ru,(813) 555-2629,Southeast,DIY / Individual,Silver,2024-01-20
CUST-2566,Shep Normanton,snormantonfq@a8.net,(881) 555-9078,Southeast,Property Management,Bronze,2023-07-25
CUST-2567,Hersch Symones,hsymonesfr@zdnet.com,(655) 555-4808,Southeast,DIY / Individual,Bronze,2025-10-25
CUST-2568,Minda Diprose,mdiprosefs@nih.gov,(346) 555-4091,Southeast,Residential Construction,Silver,2024-05-05
CUST-2569,Daniel McLean,dmcleanft@webmd.com,(928) 555-9484,Northeast,DIY / Individual,Silver,2025-03-16
CUST-2570,Anni Vallentine,avallentinefu@simplemachines.org,(363) 555-6271,Midwest,Residential Construction,Gold,2023-03-27
CUST-2571,Guinna Duckers,gduckersfv@bluehost.com,(807) 555-7688,Midwest,Landscaping,Bronze,2025-12-23
CUST-2572,Abrahan Jeynes,ajeynesfw@utexas.edu,(358) 555-1208,Northeast,Interior Design,Silver,2023-10-23
CUST-2573,Minda Kundt,mkundtfx@plala.or.jp,(719) 555-3060,Midwest,Interior Design,Silver,2024-01-21
CUST-2574,Georgia Simonsson,gsimonssonfy@live.com,(280) 555-4531,West,Landscaping,Bronze,2025-03-21
CUST-2575,Bobby Oxbe,boxbefz@nationalgeographic.com,(516) 555-4583,Midwest,DIY / Individual,Silver,2023-01-28
CUST-2576,Isadore Flement,iflementg0@delicious.com,(893) 555-1732,Southeast,Interior Design,Silver,2025-11-14
CUST-2577,Christalle Laurentin,claurenting1@addtoany.com,(302) 555-9666,Northeast,DIY / Individual,Bronze,2023-01-26
CUST-2578,Sheri Stonhewer,sstonhewerg2@msn.com,(583) 555-6479,West,DIY / Individual,Gold,2025-01-17
CUST-2579,Magdalene Deniset,mdenisetg3@elegantthemes.com,(502) 555-7302,West,Interior Design,Bronze,2025-01-13
CUST-2580,Reinold Simkiss,rsimkissg4@godaddy.com,(438) 555-8013,Southeast,DIY / Individual,Gold,2024-10-18
CUST-2581,Taddeo Ammer,tammerg5@booking.com,(358) 555-8385,Midwest,Interior Design,Bronze,2025-12-15
CUST-2582,Wilma Boskell,wboskellg6@rambler.ru,(379) 555-2175,Midwest,Landscaping,Silver,2025-04-29
CUST-2583,Nathanael Pellant,npellantg7@buzzfeed.com,(452) 555-6886,Southeast,DIY / Individual,Silver,2025-04-15
CUST-2584,Berget Nodin,bnoding8@jugem.jp,(825) 555-1039,West,DIY / Individual,Bronze,2023-08-27
CUST-2585,Ruthie Whistlecroft,rwhistlecroftg9@umich.edu,(449) 555-9301,West,DIY / Individual,Gold,2024-03-07
CUST-2586,Reinold Nosworthy,rnosworthyga@wix.com,(267) 555-7380,Southeast,Residential Construction,Bronze,2024-02-22
CUST-2587,Garnet Limeburn,glimeburngb@miibeian.gov.cn,(415) 555-8895,Northeast,DIY / Individual,Silver,2024-11-30
CUST-2588,Davidde Loddy,dloddygc@sun.com,(634) 555-2204,Southeast,Landscaping,Silver,2025-12-09
CUST-2589,Joane Rupprecht,jrupprechtgd@ucoz.ru,(939) 555-2498,Northeast,Property Management,Bronze,2025-12-27
CUST-2590,Rosa Feakins,rfeakinsge@comsenz.com,(344) 555-6930,Southeast,Residential Construction,Bronze,2023-03-09
CUST-2591,Marabel Picott,mpicottgf@flickr.com,(505) 555-8293,Southeast,DIY / Individual,Silver,2024-04-22
CUST-2592,Mallorie Bails,mbailsgg@goo.ne.jp,(828) 555-8707,Midwest,Property Management,Bronze,2025-05-08
CUST-2593,Rhodie Penhallurick,rpenhallurickgh@mit.edu,(460) 555-3198,Midwest,Interior Design,Bronze,2024-11-04
CUST-2594,Damaris Doddemeade,ddoddemeadegi@yahoo.co.jp,(363) 555-9864,Southeast,DIY / Individual,Bronze,2024-03-06
CUST-2595,Darice Feldberger,dfeldbergergj@imdb.com,(593) 555-7213,Southeast,DIY / Individual,Silver,2024-08-03
CUST-2596,Desiree Iwanicki,diwanickigk@freewebs.com,(914) 555-4195,Midwest,Residential Construction,Silver,2025-08-20
CUST-2597,Annemarie Fursse,afurssegl@abc.net.au,(646) 555-9526,Southeast,Property Management,Bronze,2023-08-02
CUST-2598,Colan Crofts,ccroftsgm@sciencedirect.com,(395) 555-8307,Southeast,Residential Construction,Silver,2025-08-19
CUST-2599,Harlan Coldham,hcoldhamgn@eventbrite.com,(687) 555-4194,Southeast,DIY / Individual,Silver,2023-10-14
CUST-2600,Ilka Thor,ithorgo@ning.com,(841) 555-1358,Southeast,Landscaping,Silver,2024-10-13
CUST-2601,Merci Mowsdill,mmowsdillgp@nasa.gov,(787) 555-3689,West,Landscaping,Silver,2023-10-12
CUST-2602,Petronia Sorrel,psorrelgq@scientificamerican.com,(931) 555-1467,Southeast,Property Management,Bronze,2025-05-07
CUST-2603,Jacquetta Hendrickson,jhendricksongr@bbc.co.uk,(770) 555-7577,Southeast,DIY / Individual,Bronze,2025-01-18
CUST-2604,Brnaby Nealand,bnealandgs@apple.com,(373) 555-2174,Southeast,DIY / Individual,Bronze,2025-10-01
CUST-2605,Alair Aicheson,aaichesongt@feedburner.com,(850) 555-2796,Northeast,Property Management,Gold,2024-11-03
CUST-2606,Klemens Soro,ksorogu@apache.org,(459) 555-2930,Southeast,DIY / Individual,Silver,2025-12-07
CUST-2607,Freeman Raycroft,fraycroftgv@odnoklassniki.ru,(964) 555-7519,West,DIY / Individual,Gold,2025-01-25
CUST-2608,Thaddeus Stenners,tstennersgw@infoseek.co.jp,(696) 555-3322,Southeast,Property Management,Bronze,2024-12-06
CUST-2609,Lindsy Lundie,llundiegx@dot.gov,(273) 555-6876,Southeast,Landscaping,Bronze,2024-09-22
CUST-2610,Sebastien Lorey,sloreygy@canalblog.com,(734) 555-6433,Southeast,Landscaping,Silver,2024-07-21
CUST-2611,Henryetta Leglise,hleglisegz@springer.com,(788) 555-2199,Southeast,Landscaping,Bronze,2025-02-17
CUST-2612,Franky Cashman,fcashmanh0@bloomberg.com,(276) 555-7067,Northeast,DIY / Individual,Gold,2023-09-30
CUST-2613,Micah Veryan,mveryanh1@businessinsider.com,(585) 555-8620,Southeast,DIY / Individual,Silver,2024-06-09
CUST-2614,Imogene Noyes,inoyesh2@hud.gov,(861) 555-9739,Midwest,Interior Design,Gold,2023-08-18
CUST-2615,Caye Ravenscraft,cravenscrafth3@archive.org,(846) 555-7252,Southeast,DIY / Individual,Silver,2023-06-14
CUST-2616,Seana Hasley,shasleyh4@samsung.com,(653) 555-2155,Midwest,DIY / Individual,Bronze,2024-01-31
CUST-2617,Creight Brolan,cbrolanh5@gravatar.com,(329) 555-9920,Midwest,DIY / Individual,Bronze,2025-05-23
CUST-2618,Cale Stickel,cstickelh6@angelfire.com,(561) 555-8193,Midwest,Landscaping,Silver,2023-10-24
CUST-2619,Darlene Downton,ddowntonh7@t-online.de,(596) 555-6233,Midwest,Residential Construction,Silver,2025-12-11
CUST-2620,Shannon Becket,sbecketh8@dagondesign.com,(738) 555-8813,Midwest,Landscaping,Silver,2024-10-31
CUST-2621,Doria Crebott,dcrebotth9@cnbc.com,(580) 555-3679,Southeast,Residential Construction,Bronze,2024-10-06
CUST-2622,Amelie Skoof,askoofha@cdbaby.com,(786) 555-6748,West,Landscaping,Silver,2024-03-11
CUST-2623,Eilis Garvan,egarvanhb@columbia.edu,(252) 555-6775,Southeast,DIY / Individual,Bronze,2023-12-31
CUST-2624,Miltie Parish,mparishhc@army.mil,(981) 555-3100,Southeast,DIY / Individual,Bronze,2023-05-26
CUST-2625,Meade Gamett,mgametthd@bbb.org,(740) 555-9619,Midwest,Interior Design,Silver,2023-02-14
CUST-2626,Reynold Pettie,rpettiehe@nymag.com,(473) 555-1581,Northeast,DIY / Individual,Bronze,2025-10-15
CUST-2627,Jeramey Giacobbo,jgiacobbohf@homestead.com,(776) 555-1594,Southeast,Residential Construction,Silver,2025-06-04
CUST-2628,Samantha Daft,sdafthg@yellowpages.com,(979) 555-2305,Southeast,Property Management,Silver,2025-12-01
CUST-2629,Marten Aleevy,maleevyhh@sciencedaily.com,(978) 555-5218,Southeast,Landscaping,Bronze,2024-10-04
CUST-2630,Roddy Dunsire,rdunsirehi@drupal.org,(460) 555-5867,Northeast,Residential Construction,Silver,2025-03-28
CUST-2631,Lorne Beardon,lbeardonhj@so-net.ne.jp,(780) 555-1210,Southeast,Residential Construction,Bronze,2025-06-06
CUST-2632,Keith Peizer,kpeizerhk@oracle.com,(920) 555-4139,Midwest,Landscaping,Bronze,2025-11-20
CUST-2633,Nadine Daily,ndailyhl@unc.edu,(771) 555-4057,Southeast,Property Management,Silver,2025-05-19
CUST-2634,Frasco Bernocchi,fbernocchihm@buzzfeed.com,(440) 555-2706,Southeast,Landscaping,Gold,2024-04-01
CUST-2635,Ermanno Siderfin,esiderfinhn@posterous.com,(390) 555-9874,Northeast,Interior Design,Bronze,2023-10-20
CUST-2636,Roanna Rembrant,rrembrantho@cbsnews.com,(755) 555-8142,Southeast,Property Management,Gold,2024-11-12
CUST-2637,Ardyce Arsey,aarseyhp@freewebs.com,(534) 555-2063,Southeast,Landscaping,Silver,2025-03-11
CUST-2638,Tandi Danielovitch,tdanielovitchhq@ca.gov,(957) 555-6919,Southeast,DIY / Individual,Bronze,2024-06-19
CUST-2639,Homerus Duigenan,hduigenanhr@amazon.co.uk,(500) 555-8684,Southeast,Interior Design,Silver,2025-01-20
CUST-2640,Coralyn Prince,cprincehs@meetup.com,(646) 555-3302,Northeast,Residential Construction,Silver,2025-10-30
CUST-2641,Onfre Wolfart,owolfartht@prlog.org,(720) 555-6276,Midwest,DIY / Individual,Bronze,2023-07-18
CUST-2642,Saxe Obee,sobeehu@instagram.com,(488) 555-7707,Midwest,Interior Design,Bronze,2025-09-21
CUST-2643,Darlene Pawle,dpawlehv@shinystat.com,(341) 555-4187,Southeast,Landscaping,Bronze,2025-02-11
CUST-2644,Dierdre Muffin,dmuffinhw@lulu.com,(600) 555-7811,Midwest,Landscaping,Bronze,2023-12-13
CUST-2645,Reynold Jacobi,rjacobihx@tamu.edu,(641) 555-6958,Northeast,DIY / Individual,Silver,2023-12-11
CUST-2646,Tristam Hurrion,thurrionhy@amazon.de,(380) 555-1054,Southeast,Property Management,Bronze,2023-08-17
CUST-2647,Allin Minghi,aminghihz@tinyurl.com,(556) 555-5200,Midwest,DIY / Individual,Gold,2025-01-02
CUST-2648,Rachelle Filchakov,rfilchakovi0@yellowbook.com,(770) 555-1207,Southeast,Interior Design,Silver,2023-02-21
CUST-2649,Rona Turfus,rturfusi1@youtu.be,(289) 555-4156,Northeast,DIY / Individual,Silver,2024-06-19
CUST-2650,Carmel McCloid,cmccloidi2@marketwatch.com,(784) 555-2053,Northeast,DIY / Individual,Bronze,2025-10-29
CUST-2651,Yvor Conford,yconfordi3@businessinsider.com,(837) 555-6540,Southeast,Residential Construction,Bronze,2023-10-24
CUST-2652,Roxi Dumini,rduminii4@redcross.org,(438) 555-6971,Midwest,DIY / Individual,Gold,2023-01-17
CUST-2653,Lura Wooland,lwoolandi5@upenn.edu,(960) 555-5916,Northeast,Property Management,Silver,2024-03-28
CUST-2654,Johann Laver,jlaveri6@comsenz.com,(961) 555-2710,Midwest,Residential Construction,Bronze,2024-11-11
CUST-2655,Con Verecker,cvereckeri7@pagesperso-orange.fr,(644) 555-7927,Midwest,Landscaping,Silver,2023-02-24
CUST-2656,Tulley Marten,tmarteni8@fc2.com,(227) 555-3173,West,Landscaping,Silver,2025-02-25
CUST-2657,Annecorinne Boord,aboordi9@guardian.co.uk,(911) 555-9053,Northeast,Property Management,Gold,2024-01-04
CUST-2658,Derwin Chainey,dchaineyia@stumbleupon.com,(791) 555-3170,Southeast,DIY / Individual,Bronze,2023-03-13
CUST-2659,Salomi Broady,sbroadyib@walmart.com,(225) 555-1419,Midwest,Property Management,Gold,2025-12-07
CUST-2660,Madge Dimsdale,mdimsdaleic@usda.gov,(826) 555-3346,Northeast,Property Management,Bronze,2024-10-25
CUST-2661,Emalia Cersey,ecerseyid@exblog.jp,(659) 555-3061,Southeast,Residential Construction,Bronze,2023-05-29
CUST-2662,Yves Danniell,ydanniellie@joomla.org,(334) 555-7713,Midwest,DIY / Individual,Silver,2024-08-29
CUST-2663,Jed Morphet,jmorphetif@phpbb.com,(613) 555-3918,Northeast,Interior Design,Bronze,2025-01-13
CUST-2664,Magda Bartlet,mbartletig@chron.com,(277) 555-8684,Southeast,Landscaping,Gold,2025-06-25
CUST-2665,Essy Whaymand,ewhaymandih@examiner.com,(725) 555-4619,Southeast,Landscaping,Bronze,2025-09-29
CUST-2666,Eldridge Bein,ebeinii@ovh.net,(314) 555-4085,Southeast,DIY / Individual,Silver,2023-05-13
CUST-2667,Ware Bunstone,wbunstoneij@ucoz.com,(611) 555-5917,Southeast,DIY / Individual,Silver,2025-09-10
CUST-2668,Hilda Belliveau,hbelliveauik@cnet.com,(594) 555-2934,West,Interior Design,Bronze,2024-01-20
CUST-2669,Rhona Mackiewicz,rmackiewiczil@nymag.com,(773) 555-1937,Northeast,DIY / Individual,Silver,2024-12-22
CUST-2670,Camel Darlington,cdarlingtonim@smugmug.com,(604) 555-5092,Southeast,Interior Design,Gold,2025-07-06
CUST-2671,Geri Bhar,gbharin@artisteer.com,(421) 555-6605,Midwest,Landscaping,Bronze,2025-07-26
CUST-2672,Cathe Cruwys,ccruwysio@walmart.com,(530) 555-9471,Southeast,DIY / Individual,Bronze,2024-11-29
CUST-2673,Bartholemy Sly,bslyip@google.fr,(625) 555-2391,Northeast,DIY / Individual,Bronze,2025-10-02
CUST-2674,Cori Eilers,ceilersiq@youku.com,(645) 555-4284,Southeast,Landscaping,Bronze,2023-07-29
CUST-2675,Wini De Anesy,wdeir@discovery.com,(712) 555-6771,West,Residential Construction,Bronze,2023-04-05
CUST-2676,Eddie De Roeck,edeis@mtv.com,(305) 555-3952,West,DIY / Individual,Bronze,2023-11-09
CUST-2677,Bucky Castagnet,bcastagnetit@istockphoto.com,(712) 555-4138,Northeast,Residential Construction,Bronze,2025-12-23
CUST-2678,Britteny Blunden,bblundeniu@google.com.br,(547) 555-6562,Northeast,Residential Construction,Silver,2024-02-28
CUST-2679,Alasteir Shapcott,ashapcottiv@wix.com,(845) 555-1273,Northeast,Property Management,Bronze,2025-01-14
CUST-2680,Yasmin Furnell,yfurnelliw@nps.gov,(397) 555-9563,Northeast,DIY / Individual,Bronze,2024-05-27
CUST-2681,Mead Crowter,mcrowterix@ycombinator.com,(543) 555-3369,Southeast,DIY / Individual,Silver,2025-12-12
CUST-2682,Jaquenette Plunket,jplunketiy@google.fr,(298) 555-3928,Northeast,Landscaping,Silver,2025-06-27
CUST-2683,Hali Grangier,hgrangieriz@huffingtonpost.com,(255) 555-5561,Southeast,DIY / Individual,Gold,2025-10-10
CUST-2684,Sid Dash,sdashj0@economist.com,(280) 555-9267,West,Landscaping,Bronze,2025-03-12
CUST-2685,Mallory Kornas,mkornasj1@guardian.co.uk,(510) 555-1956,Southeast,Residential Construction,Silver,2025-10-12
CUST-2686,Chancey D'Emanuele,cdemanuelej2@mapy.cz,(768) 555-4286,West,Landscaping,Bronze,2025-02-06
CUST-2687,Agretha Potier,apotierj3@newsvine.com,(821) 555-3775,Southeast,Property Management,Bronze,2025-12-27
CUST-2688,Brod Rich,brichj4@aol.com,(459) 555-4348,Southeast,DIY / Individual,Bronze,2023-02-12
CUST-2689,Granny Colebourn,gcolebournj5@icio.us,(733) 555-7874,Southeast,DIY / Individual,Bronze,2024-10-20
CUST-2690,Ricoriki Layne,rlaynej6@who.int,(435) 555-3689,Midwest,Property Management,Silver,2024-09-22
CUST-2691,Con Hinkensen,chinkensenj7@tripadvisor.com,(212) 555-4667,Midwest,Interior Design,Bronze,2025-06-29
CUST-2692,Stanislaw Holstein,sholsteinj8@google.nl,(216) 555-9336,Southeast,DIY / Individual,Bronze,2024-08-12
CUST-2693,Huntington Rama,hramaj9@soup.io,(645) 555-6688,Midwest,Property Management,Gold,2023-09-06
CUST-2694,Saleem Dightham,sdighthamja@4shared.com,(751) 555-6793,West,Property Management,Bronze,2023-09-16
CUST-2695,Kinsley Paxman,kpaxmanjb@domainmarket.com,(340) 555-5713,West,Property Management,Bronze,2025-10-31
CUST-2696,Maurine Iverson,miversonjc@mail.ru,(473) 555-7116,Southeast,Property Management,Bronze,2024-09-17
CUST-2697,Kippy Swanston,kswanstonjd@jimdo.com,(332) 555-7971,Midwest,Landscaping,Bronze,2024-03-14
CUST-2698,Loree Braysher,lbraysherje@samsung.com,(354) 555-1849,Midwest,DIY / Individual,Silver,2025-03-27
CUST-2699,Maynord Flips,mflipsjf@ucla.edu,(810) 555-7904,Midwest,Residential Construction,Bronze,2024-03-26
CUST-2700,Michel Rabb,mrabbjg@techcrunch.com,(672) 555-7937,Midwest,Landscaping,Silver,2025-08-15
CUST-2701,Stanislaw Twizell,stwizelljh@yellowbook.com,(834) 555-2053,Midwest,Landscaping,Silver,2023-06-25
CUST-2702,Catherine De Caville,cdeji@naver.com,(617) 555-3515,West,Residential Construction,Bronze,2025-03-17
CUST-2703,Almira Gierke,agierkejj@shinystat.com,(871) 555-7419,Southeast,Residential Construction,Silver,2024-11-13
CUST-2704,Alfy Grigoli,agrigolijk@ca.gov,(460) 555-1923,Northeast,DIY / Individual,Bronze,2025-10-21
CUST-2705,Judas Timmens,jtimmensjl@sun.com,(418) 555-3578,Midwest,DIY / Individual,Bronze,2023-04-15
CUST-2706,Grata Hartman,ghartmanjm@ning.com,(567) 555-5491,Northeast,Residential Construction,Bronze,2025-01-03
CUST-2707,Evered Bidmead,ebidmeadjn@sun.com,(894) 555-1616,Southeast,DIY / Individual,Bronze,2025-08-02
CUST-2708,Bidget Stubbes,bstubbesjo@newsvine.com,(456) 555-8163,West,DIY / Individual,Bronze,2025-10-31
CUST-2709,Penelope Mair,pmairjp@constantcontact.com,(650) 555-8470,Southeast,Property Management,Bronze,2024-03-31
CUST-2710,Devon Ridett,dridettjq@squidoo.com,(629) 555-4582,Southeast,DIY / Individual,Bronze,2025-02-10
CUST-2711,Orlando Mc Combe,omcjr@yale.edu,(231) 555-8557,Southeast,DIY / Individual,Bronze,2023-12-30
CUST-2712,Marsha Segrave,msegravejs@topsy.com,(282) 555-2830,West,DIY / Individual,Silver,2025-03-29
CUST-2713,Gearalt Uttley,guttleyjt@netlog.com,(662) 555-6156,West,Landscaping,Silver,2025-02-19
CUST-2714,Minta Beddoes,mbeddoesju@1688.com,(256) 555-5024,Southeast,DIY / Individual,Bronze,2025-05-16
CUST-2715,Aubrie Pierce,apiercejv@fc2.com,(340) 555-7365,West,DIY / Individual,Silver,2024-08-04
CUST-2716,Hedi Warwicker,hwarwickerjw@phoca.cz,(210) 555-5089,Midwest,Landscaping,Bronze,2024-01-06
CUST-2717,Angel Birtwhistle,abirtwhistlejx@google.cn,(218) 555-6817,Southeast,Landscaping,Bronze,2025-04-15
CUST-2718,Coralyn Mosen,cmosenjy@diigo.com,(348) 555-1043,Northeast,Interior Design,Bronze,2023-01-22
CUST-2719,Hubie Kornel,hkorneljz@auda.org.au,(485) 555-7344,Midwest,Interior Design,Silver,2023-11-06
CUST-2720,Demeter Holworth,dholworthk0@loc.gov,(926) 555-7221,Midwest,Landscaping,Bronze,2025-06-23
CUST-2721,Micheil Renac,mrenack1@ow.ly,(782) 555-1499,Southeast,DIY / Individual,Bronze,2023-12-29
CUST-2722,Dall Aldred,daldredk2@redcross.org,(792) 555-1369,Northeast,Property Management,Silver,2024-08-04
CUST-2723,Chev Life,clifek3@shinystat.com,(876) 555-9382,Southeast,Landscaping,Gold,2025-11-04
CUST-2724,Keen Jopson,kjopsonk4@people.com.cn,(410) 555-2527,Midwest,Landscaping,Silver,2024-12-16
CUST-2725,Waylon Bridgland,wbridglandk5@istockphoto.com,(931) 555-4655,Southeast,Residential Construction,Bronze,2025-03-03
CUST-2726,Morgun Ingleby,minglebyk6@live.com,(627) 555-3960,Midwest,DIY / Individual,Silver,2025-11-03
CUST-2727,Rodolphe Shearme,rshearmek7@nbcnews.com,(210) 555-2053,Southeast,DIY / Individual,Bronze,2025-05-04
CUST-2728,Claribel Sheavills,csheavillsk8@symantec.com,(537) 555-4002,Southeast,Landscaping,Bronze,2024-05-11
CUST-2729,Franny Inglefield,finglefieldk9@amazon.co.jp,(675) 555-4678,Southeast,DIY / Individual,Silver,2025-05-05
CUST-2730,Raphaela Brundle,rbrundleka@ocn.ne.jp,(704) 555-8971,Midwest,Landscaping,Silver,2023-01-17
CUST-2731,Thibaut Eddisford,teddisfordkb@themeforest.net,(490) 555-5434,Southeast,Residential Construction,Silver,2025-08-13
CUST-2732,Dennis McIlwraith,dmcilwraithkc@ihg.com,(449) 555-3433,Northeast,DIY / Individual,Bronze,2025-01-04
CUST-2733,Allene Roswarne,aroswarnekd@icio.us,(564) 555-2743,Northeast,DIY / Individual,Bronze,2025-03-05
CUST-2734,Miran Remon,mremonke@posterous.com,(766) 555-2618,Southeast,Landscaping,Bronze,2023-01-14
CUST-2735,Livy Fosken,lfoskenkf@wikimedia.org,(694) 555-7903,Midwest,Property Management,Silver,2025-12-09
CUST-2736,Edouard Jedras,ejedraskg@opensource.org,(377) 555-6275,Northeast,Interior Design,Bronze,2025-02-15
CUST-2737,Neysa Hobden,nhobdenkh@bloomberg.com,(660) 555-1327,Midwest,Landscaping,Bronze,2025-10-13
CUST-2738,Corabelle Fosh,cfoshki@wsj.com,(779) 555-9694,Midwest,DIY / Individual,Bronze,2025-04-26
CUST-2739,Stu Canland,scanlandkj@pcworld.com,(749) 555-1431,Midwest,Interior Design,Silver,2024-02-05
CUST-2740,Maddy Leagas,mleagaskk@businesswire.com,(497) 555-9944,West,DIY / Individual,Bronze,2025-07-19
CUST-2741,Pattin Dy,pdykl@blogs.com,(669) 555-9286,Southeast,Residential Construction,Bronze,2023-07-05
CUST-2742,Jervis Tarn,jtarnkm@typepad.com,(913) 555-4874,Midwest,DIY / Individual,Silver,2024-01-27
CUST-2743,Tremayne Matias,tmatiaskn@creativecommons.org,(875) 555-2448,Southeast,Landscaping,Silver,2024-10-19
CUST-2744,Rosie Jeffryes,rjeffryesko@fda.gov,(796) 555-9313,Southeast,DIY / Individual,Bronze,2025-10-01
CUST-2745,Rutledge McLarty,rmclartykp@oakley.com,(833) 555-1853,Southeast,DIY / Individual,Silver,2025-07-15
CUST-2746,Tish Sandal,tsandalkq@dmoz.org,(468) 555-9839,Southeast,DIY / Individual,Silver,2025-07-27
CUST-2747,Ransom Sweynson,rsweynsonkr@ning.com,(657) 555-1642,Northeast,DIY / Individual,Gold,2025-01-14
CUST-2748,Dalia Matushevitz,dmatushevitzks@gmpg.org,(397) 555-3341,Midwest,Property Management,Bronze,2025-12-01
CUST-2749,Ives Narramor,inarramorkt@wix.com,(525) 555-2576,Midwest,Interior Design,Silver,2025-06-13
